Agency,Bureau,Number of Websites,Number of Websites with DAP,Percent with DAP,Number of Websites with USWDS Semantic Version,Percent of Websites with USWDS Semantic Version
AMTRAK,Office of Inspector General,1,0,0.0,0,0.0
Administrative Conference of the United States,Administrative Conference of the United States,1,0,0.0,0,0.0
Advisory Council on Historic Preservation,Advisory Council on Historic Preservation,1,0,0.0,0,0.0
Air Force,101st Air Refueling Wing*,1,1,100.0,0,0.0
Air Force,102nd Intelligence Wing,1,1,100.0,0,0.0
Air Force,103rd Airlift Wing,1,1,100.0,0,0.0
Air Force,104th Fighter Wing,1,1,100.0,0,0.0
Air Force,105th Airlift Wing,1,1,100.0,0,0.0
Air Force,106th Rescue Wing,1,1,100.0,0,0.0
Air Force,107th Attack Wing,1,1,100.0,0,0.0
Air Force,108th Wing,1,1,100.0,0,0.0
Air Force,109th Airlift Wing,1,1,100.0,0,0.0
Air Force,10th Air Force,1,1,100.0,0,0.0
Air Force,111th Attack Wing,1,1,100.0,0,0.0
Air Force,113th Wing,1,1,100.0,0,0.0
Air Force,114th Fighter Wing,1,1,100.0,0,0.0
Air Force,115th Fighter Wing,1,1,100.0,0,0.0
Air Force,116th Air Control Wing,1,1,100.0,0,0.0
Air Force,117th Air Refueling Wing,1,1,100.0,0,0.0
Air Force,118th Wing,1,1,100.0,0,0.0
Air Force,119th Wing,1,1,100.0,0,0.0
Air Force,120th Airlift Wing,1,1,100.0,0,0.0
Air Force,121st Air Refueling Wing,1,1,100.0,0,0.0
Air Force,122nd Fighter Wing,1,1,100.0,0,0.0
Air Force,123rd Airlift Wing,1,1,100.0,0,0.0
Air Force,125th Fighter Wing (was Florida),1,1,100.0,0,0.0
Air Force,126th Air Refueling Wing,1,1,100.0,0,0.0
Air Force,127th Wing,1,1,100.0,0,0.0
Air Force,128th Air Refueling Wing,1,1,100.0,0,0.0
Air Force,129th Rescue Wing,1,1,100.0,0,0.0
Air Force,12th Air Force,1,1,100.0,0,0.0
Air Force,12th Flying Training Wing,1,1,100.0,0,0.0
Air Force,130th Airlift Wing,1,1,100.0,0,0.0
Air Force,132nd Wing,1,1,100.0,0,0.0
Air Force,133rd Airlift Wing,1,1,100.0,0,0.0
Air Force,134th Air Refueling Wing,1,1,100.0,0,0.0
Air Force,136th Airlift Wing,1,1,100.0,0,0.0
Air Force,137th Special Operations Wing,1,1,100.0,0,0.0
Air Force,138th Fighter Wing,1,1,100.0,0,0.0
Air Force,139th Airlift Wing,1,1,100.0,0,0.0
Air Force,140th Wing,1,1,100.0,0,0.0
Air Force,141st Air Refueling Wing,1,1,100.0,0,0.0
Air Force,142nd Fighter Wing,1,1,100.0,0,0.0
Air Force,143rd Airlift Wing,1,1,100.0,0,0.0
Air Force,144th Fighter Wing,1,1,100.0,0,0.0
Air Force,145th Airlift Wing,1,1,100.0,0,0.0
Air Force,146th Airlift Wing,1,1,100.0,0,0.0
Air Force,147th Reconnaissance Wing,1,1,100.0,0,0.0
Air Force,148th Fighter Wing,1,1,100.0,0,0.0
Air Force,149th Fighter Wing,1,1,100.0,0,0.0
Air Force,150th Special Operations Wing,1,1,100.0,0,0.0
Air Force,151st Air Refueling Wing,1,1,100.0,0,0.0
Air Force,152nd Airlift Wing,1,1,100.0,0,0.0
Air Force,153rd Airlift Wing,1,1,100.0,0,0.0
Air Force,154th Wing,1,1,100.0,0,0.0
Air Force,155th Air Refueling Wing,1,1,100.0,0,0.0
Air Force,156th Wing,1,1,100.0,0,0.0
Air Force,157th Air Refueling Wing,1,1,100.0,0,0.0
Air Force,158th Fighter Wing,1,1,100.0,0,0.0
Air Force,159th Fighter Wing,1,1,100.0,0,0.0
Air Force,15th Air Force,1,1,100.0,0,0.0
Air Force,161st Air Refueling Wing,1,1,100.0,0,0.0
Air Force,162nd Wing,1,1,100.0,0,0.0
Air Force,163rd Attack Wing,1,1,100.0,0,0.0
Air Force,165th Airlift Wing,1,1,100.0,0,0.0
Air Force,166th Airlift Wing,1,1,100.0,0,0.0
Air Force,167th Airlift Wing,1,1,100.0,0,0.0
Air Force,168th Air Refueling Wing,1,1,100.0,0,0.0
Air Force,169th Fighter Wing,1,1,100.0,0,0.0
Air Force,16th Air Force,1,1,100.0,0,0.0
Air Force,171st Air Refueling Wing,1,1,100.0,0,0.0
Air Force,172nd Airlift Wing,1,1,100.0,0,0.0
Air Force,174th Attack Wing,1,1,100.0,0,0.0
Air Force,176th Wing,1,1,100.0,0,0.0
Air Force,177th Fighter Wing,1,1,100.0,0,0.0
Air Force,178th Wing,1,1,100.0,0,0.0
Air Force,180th Fighter Wing,1,1,100.0,0,0.0
Air Force,182nd Airlift Wing,1,1,100.0,0,0.0
Air Force,183rd Fighter Wing,1,1,100.0,0,0.0
Air Force,184th Intelligence Wing,1,1,100.0,0,0.0
Air Force,185th Air Refueling Wing,1,1,100.0,0,0.0
Air Force,186th Air Refueling Wing,1,1,100.0,0,0.0
Air Force,187th Fighter Wing,1,1,100.0,0,0.0
Air Force,188th Wing,1,1,100.0,0,0.0
Air Force,189th Airlift Wing,1,1,100.0,0,0.0
Air Force,18th Air Force,1,1,100.0,0,0.0
Air Force,190th Air Refueling Wing,1,1,100.0,0,0.0
Air Force,192nd Fighter Wing,1,1,100.0,0,0.0
Air Force,193rd Special Operations Wing,1,1,100.0,0,0.0
Air Force,194th Wing,1,1,100.0,0,0.0
Air Force,195th Wing,1,1,100.0,0,0.0
Air Force,1st Air Force (AFNORTH),1,1,100.0,0,0.0
Air Force,20th Air Force,1,1,100.0,0,0.0
Air Force,22nd Air Force,1,1,100.0,0,0.0
Air Force,24th Special Operations Wing (Air Force Special Tactics),1,1,100.0,0,0.0
Air Force,301st Fighter Wing,1,1,100.0,0,0.0
Air Force,307th Bomb Wing,1,1,100.0,0,0.0
Air Force,310th Space Wing,1,1,100.0,0,0.0
Air Force,315th Airlift Wing,1,1,100.0,0,0.0
Air Force,33rd Fighter Wing,1,1,100.0,0,0.0
Air Force,349th Air Mobility Wing,1,1,100.0,0,0.0
Air Force,352nd Special Operations Wing,1,1,100.0,0,0.0
Air Force,37th Training Wing,1,1,100.0,0,0.0
Air Force,403rd Wing,1,1,100.0,0,0.0
Air Force,413th Flight Training Group,1,1,100.0,0,0.0
Air Force,419th Fighter Wing,1,1,100.0,0,0.0
Air Force,442nd Fighter Wing,1,1,100.0,0,0.0
Air Force,445th Airlift Wing,1,1,100.0,0,0.0
Air Force,446th Airlift Wing,1,1,100.0,0,0.0
Air Force,459th Air Refueling Wing,1,1,100.0,0,0.0
Air Force,477th Fighter Group,1,1,100.0,0,0.0
Air Force,492nd Special Operations Wing,1,1,100.0,0,0.0
Air Force,501st Combat Support Wing,1,1,100.0,0,0.0
Air Force,505th Command and Control Wing,1,1,100.0,0,0.0
Air Force,507th Air Refueling Wing,1,1,100.0,0,0.0
Air Force,512th Airlift Wing,1,1,100.0,0,0.0
Air Force,514th Air Mobility Wing,1,1,100.0,0,0.0
Air Force,521st Air Mobility Operations Wing,1,1,100.0,0,0.0
Air Force,53rd Wing,1,1,100.0,0,0.0
Air Force,552nd Air Control Wing,1,1,100.0,0,0.0
Air Force,557th Weather Wing,1,1,100.0,0,0.0
Air Force,5th Air Force,1,1,100.0,0,0.0
Air Force,624th Regional Support Group,1,1,100.0,0,0.0
Air Force,7th Air Force,1,1,100.0,0,0.0
Air Force,913th Airlift Group,1,1,100.0,0,0.0
Air Force,916th Air Refueling Wing,1,1,100.0,0,0.0
Air Force,919th Special Operations Wing,1,1,100.0,0,0.0
Air Force,920th Rescue Wing,1,1,100.0,0,0.0
Air Force,926th Wing,1,1,100.0,0,0.0
Air Force,927th Air Refueling Wing,1,1,100.0,0,0.0
Air Force,931st Air Refueling Wing,1,1,100.0,0,0.0
Air Force,932nd Airlift Wing,1,1,100.0,0,0.0
Air Force,940th Air Refueling Wing,1,1,100.0,0,0.0
Air Force,944th Fighter Wing,1,1,100.0,0,0.0
Air Force,960th Cyberspace Operations Group,1,1,100.0,0,0.0
Air Force,AFH1 and Enlisted Promotion Study Guides,1,1,100.0,0,0.0
Air Force,AFWERX,1,0,0.0,0,0.0
Air Force,ANG AFRC Command Test Center,1,1,100.0,0,0.0
Air Force,Air Combat Command,1,1,100.0,0,0.0
Air Force,Air Education and Training Command,1,1,100.0,0,0.0
Air Force,Air Force Acquisition,1,1,100.0,0,0.0
Air Force,Air Force Agency for Modeling and Simulation,1,1,100.0,0,0.0
Air Force,Air Force Alternative Dispute Resolution Program,1,1,100.0,0,0.0
Air Force,Air Force Audit Agency,1,1,100.0,0,0.0
Air Force,Air Force Bands (all),1,1,100.0,0,0.0
Air Force,Air Force Basic Military Training,1,1,100.0,0,0.0
Air Force,Air Force Business Enterprise Systems,1,1,100.0,0,0.0
Air Force,Air Force Chief Modeling and Simulation Office,1,1,100.0,0,0.0
Air Force,Air Force Civil Engineer Center,1,1,100.0,0,0.0
Air Force,Air Force Declassification,1,1,100.0,0,0.0
Air Force,Air Force District of Washington,1,1,100.0,0,0.0
Air Force,Air Force Financial Management & Comptroller,1,1,100.0,0,0.0
Air Force,Air Force Freedom of Information Act,1,1,100.0,0,0.0
Air Force,Air Force General Counsel,1,1,100.0,0,0.0
Air Force,Air Force Global Strike Command,1,1,100.0,0,0.0
Air Force,Air Force Historical Research Agency,1,1,100.0,0,0.0
Air Force,Air Force Historical Studies Office,1,1,100.0,0,0.0
Air Force,Air Force History and Museums,1,1,100.0,0,0.0
Air Force,Air Force Housing,1,1,100.0,0,0.0
Air Force,Air Force Installation and Mission Support Center,1,1,100.0,0,0.0
Air Force,Air Force International Affairs,1,1,100.0,0,0.0
Air Force,Air Force Learning Professionals,1,1,100.0,0,0.0
Air Force,Air Force Life Cycle Management Center,1,1,100.0,0,0.0
Air Force,Air Force Manpower Analysis Agency,1,1,100.0,0,0.0
Air Force,Air Force Materiel Command,1,1,100.0,0,0.0
Air Force,Air Force Medical Service,1,1,100.0,0,0.0
Air Force,Air Force Mortuary Affairs,1,1,100.0,0,0.0
Air Force,Air Force Network Centric Solutions (NetCents),1,1,100.0,0,0.0
Air Force,Air Force Nuclear Weapons Center,1,1,100.0,0,0.0
Air Force,Air Force OPEN Data Program,1,1,100.0,0,0.0
Air Force,Air Force Office of Special Investigations,1,1,100.0,0,0.0
Air Force,Air Force Operational Test and Evaluation Center,1,1,100.0,0,0.0
Air Force,Air Force Privacy Act,1,1,100.0,0,0.0
Air Force,Air Force Public Affairs (Agency),1,1,100.0,0,0.0
Air Force,Air Force Recruiting Service,1,1,100.0,0,0.0
Air Force,Air Force Reserve Command,1,1,100.0,0,0.0
Air Force,Air Force Resilience,1,1,100.0,0,0.0
Air Force,Air Force Retiree Services,1,1,100.0,0,0.0
Air Force,Air Force Safety Center,1,1,100.0,0,0.0
Air Force,Air Force Scientific Advisory Board,1,1,100.0,0,0.0
Air Force,Air Force Security Forces Center,1,1,100.0,0,0.0
Air Force,Air Force Small Business Innovation Research and,1,0,0.0,0,0.0
Air Force,Air Force Small Business Programs,1,1,100.0,0,0.0
Air Force,Air Force Special Operations Command,1,1,100.0,0,0.0
Air Force,Air Force Sustainment Center,1,1,100.0,0,0.0
Air Force,Air Force Technology Transfer and Transition Program,1,1,100.0,0,0.0
Air Force,Air Force Test Center,1,1,100.0,0,0.0
Air Force,Air Force Trademark and Licensing Program,1,1,100.0,0,0.0
Air Force,Air Force Warfighting Integration Capability,1,1,100.0,0,0.0
Air Force,Air Force e-Publishing,1,1,100.0,0,0.0
Air Force,Air Mobility Command,1,1,100.0,0,0.0
Air Force,Air National Guard Training and Education Center,1,1,100.0,0,0.0
Air Force,Air Reserve Personnel Center,1,1,100.0,0,0.0
Air Force,Air University,1,1,100.0,0,0.0
Air Force,Airman Magazine,1,1,100.0,0,0.0
Air Force,Alpena Combat Readiness Training Center,1,1,100.0,0,0.0
Air Force,Altus Air Force Base,1,1,100.0,0,0.0
Air Force,Arnold Air Force Base,1,1,100.0,0,0.0
Air Force,Aviano Air Base,1,1,100.0,0,0.0
Air Force,Barksdale Air Force Base,1,1,100.0,0,0.0
Air Force,Be Ready,1,1,100.0,0,0.0
Air Force,Beale Air Force Base,1,1,100.0,0,0.0
Air Force,Cannon Air Force Base,1,1,100.0,0,0.0
Air Force,Columbus Air Force Base,1,1,100.0,0,0.0
Air Force,Creech Air Force Base,1,1,100.0,0,0.0
Air Force,DAF AI Accelerator,1,1,100.0,0,0.0
Air Force,Davis-Monthan Air Force Base,1,1,100.0,0,0.0
Air Force,Dobbins Air Reserve Base,1,1,100.0,0,0.0
Air Force,Dover Air Force Base,1,1,100.0,0,0.0
Air Force,Dyess Air Force Base,1,1,100.0,0,0.0
Air Force,Eastern Air Defense Sector,1,1,100.0,0,0.0
Air Force,Eglin Air Force Base,1,1,100.0,0,0.0
Air Force,Eielson Air Force Base,1,1,100.0,0,0.0
Air Force,Ellsworth Air Force Base,1,1,100.0,0,0.0
Air Force,F.E. Warren Air Force Base,1,1,100.0,0,0.0
Air Force,Fairchild Air Force Base,1,1,100.0,0,0.0
Air Force,GoSere,1,1,100.0,0,0.0
Air Force,Goodfellow Air Force Base,1,1,100.0,0,0.0
Air Force,Grand Forks Air Force Base,1,1,100.0,0,0.0
Air Force,Grissom Air Reserve Base,1,1,100.0,0,0.0
Air Force,Hanscom Air Force Base,1,1,100.0,0,0.0
Air Force,Headquarters RIO,1,1,100.0,0,0.0
Air Force,Hill Air Force Base,1,1,100.0,0,0.0
Air Force,Holloman Air Force Base,1,1,100.0,0,0.0
Air Force,Homestead Air Reserve Base,1,1,100.0,0,0.0
Air Force,Hurlburt Field,1,1,100.0,0,0.0
Air Force,Incirlik Air Base,1,1,100.0,0,0.0
Air Force,"Installations, Environment & Logistics",1,1,100.0,0,0.0
Air Force,JAG Reporter,1,1,100.0,0,0.0
Air Force,Joint Base Andrews,1,1,100.0,0,0.0
Air Force,Joint Base Langley-Eustis,1,1,100.0,0,0.0
Air Force,Joint Base McGuire-Dix-Lakehurst,1,1,100.0,0,0.0
Air Force,Kadena Air Base,1,1,100.0,0,0.0
Air Force,Keesler Air Force Base,1,1,100.0,0,0.0
Air Force,Kirtland Air Force Base,1,1,100.0,0,0.0
Air Force,Kunsan Air Base,1,1,100.0,0,0.0
Air Force,Laughlin Air Force Base,1,1,100.0,0,0.0
Air Force,Luke Air Force Base,1,1,100.0,0,0.0
Air Force,MacDill Air Force Base,1,1,100.0,0,0.0
Air Force,Malmstrom Air Force Base,1,1,100.0,0,0.0
Air Force,March Air Reserve Base,1,1,100.0,0,0.0
Air Force,Maxwell Air Force Base,1,1,100.0,0,0.0
Air Force,McConnell Air Force Base,1,1,100.0,0,0.0
Air Force,Minneapolis-St Paul Air Reserve Station,1,1,100.0,0,0.0
Air Force,Minot Air Force Base,1,1,100.0,0,0.0
Air Force,Misawa Air Base,1,1,100.0,0,0.0
Air Force,Mississippi Combat Readiness Center,1,1,100.0,0,0.0
Air Force,Mountain Home Air Force Base,1,1,100.0,0,0.0
Air Force,National Air and Space Intelligence Center,1,1,100.0,0,0.0
Air Force,Nellis Air Force Base,1,1,100.0,0,0.0
Air Force,New Jersey Air National Guard,1,1,100.0,0,0.0
Air Force,Niagara Falls Air Reserve Station,1,1,100.0,0,0.0
Air Force,Offutt Air Force Base,1,1,100.0,0,0.0
Air Force,Osan Air Base,1,1,100.0,0,0.0
Air Force,Pacific Air Forces,1,1,100.0,0,0.0
Air Force,Pittsburgh IAP Air Reserve Station,1,1,100.0,0,0.0
Air Force,Pope Field,1,1,100.0,0,0.0
Air Force,Profession of Arms Center of Expertise,1,1,100.0,0,0.0
Air Force,Ramstein Air Base,1,1,100.0,0,0.0
Air Force,Robins Air Force Base,1,1,100.0,0,0.0
Air Force,Royal Air Force Lakenheath,1,1,100.0,0,0.0
Air Force,Royal Air Force Mildenhall,1,1,100.0,0,0.0
Air Force,SAF/CIO A6 Information Dominance and CIO,1,1,100.0,0,0.0
Air Force,Scott Air Force Base,1,1,100.0,0,0.0
Air Force,Secretary of the Air Force Inspector General (SAF/IG),1,1,100.0,0,0.0
Air Force,Seymour Johnson Air Force Base,1,1,100.0,0,0.0
Air Force,Sheppard Air Force Base,1,1,100.0,0,0.0
Air Force,Space Acquisition and Integration,1,1,100.0,0,0.0
Air Force,Spangdahlem Air Base,1,1,100.0,0,0.0
Air Force,Special Warfare Training Wing,1,1,100.0,0,0.0
Air Force,Team McChord,1,1,100.0,0,0.0
Air Force,Tesseract AF (HAF/A4L),1,1,100.0,0,0.0
Air Force,The Judge Advocate General's Corps,1,1,100.0,0,0.0
Air Force,Tinker Air Force Base,1,1,100.0,0,0.0
Air Force,Travis Air Force Base,1,1,100.0,0,0.0
Air Force,Tyndall Air Force Base,1,1,100.0,0,0.0
Air Force,U.S. Air Force Basic Military Training Flight Photos,1,1,100.0,0,0.0
Air Force,U.S. Air Force Doctrine,1,1,100.0,0,0.0
Air Force,U.S. Air Force Expeditionary Center,1,1,100.0,0,0.0
Air Force,U.S. Air Forces in Europe,1,1,100.0,0,0.0
Air Force,United States Air Force Academy,1,1,100.0,0,0.0
Air Force,United States Air Force Honor Guard,1,1,100.0,0,0.0
Air Force,Vance Air Force Base,1,1,100.0,0,0.0
Air Force,Veterans In Blue,1,1,100.0,0,0.0
Air Force,Volk Field,1,1,100.0,0,0.0
Air Force,"Wavelength Detachment 1, 850th Spectrum Warfare Group",1,1,100.0,0,0.0
Air Force,Western Air Force Defense Sector,1,1,100.0,0,0.0
Air Force,Whiteman Air Force Base,1,1,100.0,0,0.0
Air Force,Yokota Air Base,1,1,100.0,0,0.0
Air Force,Youngstown Air Reserve Station,1,1,100.0,0,0.0
American Battle Monuments Commission,American Battle Monuments Commission,3,3,100.0,0,0.0
Appalachian Regional Commission,Appalachian Regional Commission,5,0,0.0,0,0.0
Appraisal Subcommittee,Appraisal Subcommittee,3,3,100.0,0,0.0
Architect of the Capitol,Architect of the Capitol,3,0,0.0,0,0.0
Armed Forces Retirement Home,Armed Forces Retirement Home,1,0,0.0,0,0.0
Army,11th Airborne Division,1,1,100.0,0,0.0
Army,1st Theater Sustainment Command,1,1,100.0,0,0.0
Army,20th CBRNE,1,1,100.0,0,0.0
Army,2nd Infantry Division (2ID) - Korea,1,1,100.0,0,0.0
Army,55th Combat Camera,1,0,0.0,0,0.0
Army,75th Innovations Command,1,1,100.0,0,0.0
Army,AMEDD Virtual Library,1,1,100.0,0,0.0
Army,ASC Packaging Storage and Containerization Center,1,1,100.0,0,0.0
Army,Army Asymmetric Warfare Group,1,1,100.0,0,0.0
Army,Army Cyber Command,1,1,100.0,0,0.0
Army,Army Cyber Institute,1,1,100.0,0,0.0
Army,Army Europe,1,1,100.0,0,0.0
Army,Army Europe 10th Air & Missile Defense,1,1,100.0,0,0.0
Army,Army Europe 12th Combat Aviation Brigade,1,1,100.0,0,0.0
Army,Army Europe 173rd Infantry Brigade Combat Team,1,1,100.0,0,0.0
Army,Army Europe 19th Battlefield Coordination Detachment,1,1,100.0,0,0.0
Army,Army Europe 21st Theater Sustainment Command,1,1,100.0,0,0.0
Army,Army Europe 2nd Cavalry Regiment,1,1,100.0,0,0.0
Army,Army Europe 2nd Theater Signal Brigade,1,1,100.0,0,0.0
Army,Army Europe 405th Army Field Support Brigade,1,1,100.0,0,0.0
Army,Army Europe 409th Contracting Support Brigade,1,1,100.0,0,0.0
Army,Army Europe 7th Army Training Comand,1,1,100.0,0,0.0
Army,Army Europe Band & Chorus,1,1,100.0,0,0.0
Army,Army Flight Operations Detachment,1,1,100.0,0,0.0
Army,Army IG,1,1,100.0,0,0.0
Army,Army Material Command,1,1,100.0,0,0.0
Army,Army Medical Logistics Command,1,1,100.0,0,0.0
Army,Army Medical Research Directorate-Georgia,1,1,100.0,0,0.0
Army,Army Pacific,1,1,100.0,0,0.0
Army,Army Recovery Care Program,1,1,100.0,0,0.0
Army,Army Recruiting Command,1,1,100.0,0,0.0
Army,Army Science Board,1,1,100.0,0,0.0
Army,Army Sustainment Command,1,1,100.0,0,0.0
Army,Army University Press,1,1,100.0,0,0.0
Army,Army in Europe Library and Publishing,1,1,100.0,0,0.0
Army,Barquist Army Health Clinic,1,1,100.0,0,0.0
Army,Corpus Christi Army Depot,1,1,100.0,0,0.0
Army,Cyber Defense Review,1,1,100.0,0,0.0
Army,Davison Army Airfield (DAAF),1,1,100.0,0,0.0
Army,First Army,1,1,100.0,0,0.0
Army,John F. Kennedy Special Warfare Center and School,1,1,100.0,0,0.0
Army,Joint Base Lewis McChord Design Standards,1,1,100.0,0,0.0
Army,Joint Program Executive Office for Armaments & Ammunition (JPEO AA),1,1,100.0,0,0.0
Army,"Joint Program Executive Office for Chemical, Biological, Radiological and Nuclear Defense (JPEO)",1,1,100.0,0,0.0
Army,Letterkenny Army Depot,1,1,100.0,0,0.0
Army,NCO Leadership Center of Excellence,1,1,100.0,0,0.0
Army,NCO World Campus,1,1,100.0,0,0.0
Army,Office of the Deputy Assistant Secretary of the Army for Defense Exports and Cooperation,1,1,100.0,0,0.0
Army,Public Health Command - Pacific,1,1,100.0,0,0.0
Army,Regional Health Command Europe,1,1,100.0,0,0.0
Army,Special Operations Recruiting Battalion SORB(A),1,1,100.0,0,0.0
Army,Strength Maintenance Training Center,1,1,100.0,0,0.0
Army,Tobyhanna Army Depot,1,1,100.0,0,0.0
Army,U.S. ARMY MEDICAL DIRECTORATE - ARMED FORCES RESEARCH INSTITUTE of MEDICAL SCIENCES (USAMD-AFRIMS),1,1,100.0,0,0.0
Army,U.S. Army Aviation and Missile Command,1,1,100.0,0,0.0
Army,U.S. Army Central,1,1,100.0,0,0.0
Army,U.S. Army Combat Capabilities Development: Aviation and Missile Center,1,1,100.0,0,0.0
Army,U.S. Army Financial Management Command,1,1,100.0,0,0.0
Army,U.S. Army Japan,1,1,100.0,0,0.0
Army,U.S. Army Nato,1,1,100.0,0,0.0
Army,U.S. Army North,1,1,100.0,0,0.0
Army,U.S. Army Office of Business Transformation,1,1,100.0,0,0.0
Army,U.S. Army Petroleum,1,1,100.0,0,0.0
Army,U.S. Army Reserve,1,1,100.0,0,0.0
Army,U.S. Army Space and Missile Defense Command,1,1,100.0,0,0.0
Army,U.S. Army Sustainment Command/PS Magazine,1,1,100.0,0,0.0
Army,U.S. Military Entrance Processing Command,1,1,100.0,0,0.0
Army Corps of Engineers,Alaska District,1,1,100.0,0,0.0
Army Corps of Engineers,Albuquerque District,1,1,100.0,0,0.0
Army Corps of Engineers,Army Geospatial Center,1,1,100.0,0,0.0
Army Corps of Engineers,Baltimore District,1,1,100.0,0,0.0
Army Corps of Engineers,Charleston District,1,1,100.0,0,0.0
Army Corps of Engineers,Europe District,1,1,100.0,0,0.0
Army Corps of Engineers,Far East District,1,1,100.0,0,0.0
Army Corps of Engineers,Fort Worth District,1,1,100.0,0,0.0
Army Corps of Engineers,Great Lakes/Ohio River Division,1,1,100.0,0,0.0
Army Corps of Engineers,Honolulu District,1,1,100.0,0,0.0
Army Corps of Engineers,"Institute for Water Resources, Risk Management Center",1,1,100.0,0,0.0
Army Corps of Engineers,Jacksonville District,1,1,100.0,0,0.0
Army Corps of Engineers,Little Rock District,1,1,100.0,0,0.0
Army Corps of Engineers,Los Angeles District,1,1,100.0,0,0.0
Army Corps of Engineers,Memphis District,1,1,100.0,0,0.0
Army Corps of Engineers,Middle East District,1,1,100.0,0,0.0
Army Corps of Engineers,Mississippi Valley Division,1,1,100.0,0,0.0
Army Corps of Engineers,New England District,1,1,100.0,0,0.0
Army Corps of Engineers,New York District,1,1,100.0,0,0.0
Army Corps of Engineers,Norfolk District,1,1,100.0,0,0.0
Army Corps of Engineers,North Atlantic Division,1,1,100.0,0,0.0
Army Corps of Engineers,Philadelphia District,1,1,100.0,0,0.0
Army Corps of Engineers,Portland District,1,1,100.0,0,0.0
Army Corps of Engineers,Rock Island District,1,1,100.0,0,0.0
Army Corps of Engineers,San Francisco District,1,1,100.0,0,0.0
Army Corps of Engineers,Savannah District,1,1,100.0,0,0.0
Army Corps of Engineers,Seattle District,1,1,100.0,0,0.0
Army Corps of Engineers,South Atlantic Division,1,1,100.0,0,0.0
Army Corps of Engineers,South Pacific Division,1,1,100.0,0,0.0
Army Corps of Engineers,Southwestern Division,1,1,100.0,0,0.0
Army Corps of Engineers,St. Louis District,1,1,100.0,0,0.0
Army Corps of Engineers,St. Paul District,1,1,100.0,0,0.0
Army Corps of Engineers,Transatlantic Division,1,1,100.0,0,0.0
Army Corps of Engineers,Tulsa District,1,1,100.0,0,0.0
Army Corps of Engineers,"U.S. Army Engineering and Support Center, Huntsville",1,1,100.0,0,0.0
Army Corps of Engineers,USACE Publications,1,1,100.0,0,0.0
Army Corps of Engineers,Vicksburg District,1,1,100.0,0,0.0
Barry Goldwater Scholarship and Excellence in Education Foundation,Barry Goldwater Scholarship and Excellence in Education Foundation,1,0,0.0,0,0.0
Central Intelligence Agency,Central Intelligence Agency,1,0,0.0,0,0.0
Chemical Safety Board,U.S. Chemical Safety and Hazard Investigation Board,1,0,0.0,0,0.0
Coast Guard,Atlantic Area,1,1,100.0,0,0.0
Coast Guard,Deputy Commandant for Mission Support,1,1,100.0,0,0.0
Coast Guard,Deputy Commandant for Operations,1,1,100.0,0,0.0
Coast Guard,Forcecom,1,1,100.0,0,0.0
Coast Guard,History,1,1,100.0,0,0.0
Coast Guard,MyCG,1,1,100.0,0,0.0
Coast Guard,National Coast Guard Museum,1,0,0.0,0,0.0
Coast Guard,News,1,1,100.0,0,0.0
Coast Guard,Pacific Area,1,1,100.0,0,0.0
Coast Guard,Reserve,1,1,100.0,0,0.0
Coast Guard,United States Coast Guard,1,1,100.0,0,0.0
Commodity Futures Trading Commission,Commodity Futures Trading Commission,8,5,62.5,0,0.0
Congressional Budget Office,Congressional Budget Office,1,0,0.0,0,0.0
Consumer Financial Protection Bureau,Consumer Financial Protection Bureau,12,6,50.0,0,0.0
Consumer Product Safety Commission,Consumer Product Safety Commission,9,5,55.56,1,11.11
Corporation for National & Community Service,AmeriCorps,8,4,50.0,0,0.0
Corporation for National & Community Service,AmeriCorps Office of Inspector General,1,0,0.0,0,0.0
Corporation for National & Community Service,"Corporation for National and Community Service, Office Of Inspector General,",1,0,0.0,0,0.0
Council of Inspectors General on Integrity and Efficiency,Council of the Inspectors General on Integrity and Efficiency,4,0,0.0,1,25.0
Court Services and Offender Supervision,Court Services and Offender Supervision Agency,3,0,0.0,0,0.0
Court Services and Offender Supervision,Court Services and Offender Supervision Agency/Office of information Technology,2,0,0.0,0,0.0
Court Services and Offender Supervision,Pretrial Services Agency for the District of Columbia,2,0,0.0,0,0.0
Defense Health Agency,11th Medical Squadron - Joint Base Anacostia-Bolling,1,1,100.0,0,0.0
Defense Health Agency,14th Medical Group - Columbus Air Force Base,1,1,100.0,0,0.0
Defense Health Agency,17th Medical Group - Goodfellow Air Force Base,1,1,100.0,0,0.0
Defense Health Agency,18th Medical Group - Kadena Air Base,1,1,100.0,0,0.0
Defense Health Agency,19th Medical Group - Little Rock Air Force Base,1,1,100.0,0,0.0
Defense Health Agency,1st Special Operations Medical Group - Hurlburt Field,1,1,100.0,0,0.0
Defense Health Agency,20th Medical Group - Shaw Air Force Base,1,1,100.0,0,0.0
Defense Health Agency,21st Medical Group - Peterson Air Force Base,1,1,100.0,0,0.0
Defense Health Agency,22d Medical Group - McConnell Air Force Base,1,1,100.0,0,0.0
Defense Health Agency,23d Medical Group - Moody Air Force Base,1,1,100.0,0,0.0
Defense Health Agency,27th Special Operations Medical Group - Cannon Air Force Base,1,1,100.0,0,0.0
Defense Health Agency,28th Medical Group - Ellsworth Air Force Base,1,1,100.0,0,0.0
Defense Health Agency,2d Medical Group - Barksdale Air Force Base,1,1,100.0,0,0.0
Defense Health Agency,30th Medical Group - Vandenberg Air Force Base,1,1,100.0,0,0.0
Defense Health Agency,316th Medical Group - Joint Base Andrews (Malcom Grow Medical Clinics and Surgery Center),1,1,100.0,0,0.0
Defense Health Agency,319th Medical Group - Grand Forks Air Force Base,1,1,100.0,0,0.0
Defense Health Agency,31st Medical Group - Aviano Air Base,1,1,100.0,0,0.0
Defense Health Agency,325th Medical Group - Tyndall Air Force Base,1,1,100.0,0,0.0
Defense Health Agency,341st Medical Group - Malmstrom Air Force Base,1,1,100.0,0,0.0
Defense Health Agency,354th Medical Group - Eielson Air Force Base,1,1,100.0,0,0.0
Defense Health Agency,355th Medical Group - Davis-Monthan Air Force Base,1,1,100.0,0,0.0
Defense Health Agency,35th Medical Group - Misawa Air Base,1,1,100.0,0,0.0
Defense Health Agency,366th Medical Group - Mountain Home Air Force Base,1,1,100.0,0,0.0
Defense Health Agency,36th Medical Group - Andersen Air Force Base,1,1,100.0,0,0.0
Defense Health Agency,374th Medical Group - Yokota Air Base,1,1,100.0,0,0.0
Defense Health Agency,375th Medical Group - Scott Air Force Base,1,1,100.0,0,0.0
Defense Health Agency,377th Medical Group - Kirtland Air Force Base,1,1,100.0,0,0.0
Defense Health Agency,39th Medical Group - Incirlik Air Base,1,1,100.0,0,0.0
Defense Health Agency,412th Medical Group - Edwards Air Force Base,1,1,100.0,0,0.0
Defense Health Agency,422d Medical Squadron - RAF Croughton,1,1,100.0,0,0.0
Defense Health Agency,423d Medical Squadron - RAF Alconbury,1,1,100.0,0,0.0
Defense Health Agency,42d Medical Group - Maxwell Air Force Base,1,1,100.0,0,0.0
Defense Health Agency,436th Medical Group - Dover Air Force Base,1,1,100.0,0,0.0
Defense Health Agency,43d Medical Squadron - Pope Field,1,1,100.0,0,0.0
Defense Health Agency,45th Medical Group - Patrick Air Force Base,1,1,100.0,0,0.0
Defense Health Agency,460th Medical Group - Buckley Air Force Base,1,1,100.0,0,0.0
Defense Health Agency,47th Medical Group - Laughlin Air Force Base,1,1,100.0,0,0.0
Defense Health Agency,48th Medical Group - RAF Lakenheath,1,1,100.0,0,0.0
Defense Health Agency,49th Medical Group - Holloman Air Force Base,1,1,100.0,0,0.0
Defense Health Agency,4th Medical Group - Seymour Johnson Air Force Base,1,1,100.0,0,0.0
Defense Health Agency,509th Medical Group - Whiteman Air Force Base,1,1,100.0,0,0.0
Defense Health Agency,51st Medical Group - Osan Air Base,1,1,100.0,0,0.0
Defense Health Agency,52nd Medical Group - Spangdahlem Air Base,1,1,100.0,0,0.0
Defense Health Agency,55th Medical Group - Offutt Air Force Base,1,1,100.0,0,0.0
Defense Health Agency,56th Medical Group - Luke Air Force Base,1,1,100.0,0,0.0
Defense Health Agency,59th Medical Wing - JBSA - Wilford Hall Ambulatory Surgical Center,1,1,100.0,0,0.0
Defense Health Agency,5th Medical Group - Minot Air Force Base,1,1,100.0,0,0.0
Defense Health Agency,60th Medical Group - Travis Air Force Base,1,1,100.0,0,0.0
Defense Health Agency,61st Medical Squadron - Los Angeles Air Force Base,1,1,100.0,0,0.0
Defense Health Agency,628th Medical Group - Joint Base Charleston,1,1,100.0,0,0.0
Defense Health Agency,62nd Medical Squadron - Joint Base Lewis-McChord,1,1,100.0,0,0.0
Defense Health Agency,633d Medical Group - Joint Base Langley-Eustis,1,1,100.0,0,0.0
Defense Health Agency,66th Medical Squadron - Hanscom Air Force Base,1,1,100.0,0,0.0
Defense Health Agency,673d Medical Group - Joint Base Elmendorf-Richardson,1,1,100.0,0,0.0
Defense Health Agency,6th Medical Group - MacDill Air Force Base,1,1,100.0,0,0.0
Defense Health Agency,71st Medical Group - Vance Air Force Base,1,1,100.0,0,0.0
Defense Health Agency,72d Medical Group - Tinker Air Force Base,1,1,100.0,0,0.0
Defense Health Agency,75th Medical Group - Hill Air Force Base,1,1,100.0,0,0.0
Defense Health Agency,78th Medical Group - Robins Air Force Base,1,1,100.0,0,0.0
Defense Health Agency,7th Medical Group - Dyess Air Force Base,1,1,100.0,0,0.0
Defense Health Agency,81st Medical Group - Keesler Air Force Base,1,1,100.0,0,0.0
Defense Health Agency,82nd Medical Group - Sheppard Air Force Base,1,1,100.0,0,0.0
Defense Health Agency,86th Medical Group - Ramstein Air Base,1,1,100.0,0,0.0
Defense Health Agency,87th Medical Group - Joint Base McGuire-Dix-Lakehurst,1,1,100.0,0,0.0
Defense Health Agency,88th Medical Group - Wright-Patterson Air Force Base,1,1,100.0,0,0.0
Defense Health Agency,8th Medical Group - Kunsan Air Base,1,1,100.0,0,0.0
Defense Health Agency,90th Medical Group - F.E. Warren Air Force Base,1,1,100.0,0,0.0
Defense Health Agency,92d Medical Group - Fairchild Air Force Base,1,1,100.0,0,0.0
Defense Health Agency,96th Medical Group - Eglin Air Force Base,1,1,100.0,0,0.0
Defense Health Agency,97th Medical Group - Altus Air Force Base,1,1,100.0,0,0.0
Defense Health Agency,99th Medical Group - Nellis Air Force Base,1,1,100.0,0,0.0
Defense Health Agency,9th Medical Group - Beale Air Force Base,1,1,100.0,0,0.0
Defense Health Agency,ACH Bayne-Jones-Polk,1,1,100.0,0,0.0
Defense Health Agency,ACH Leonard Wood,1,1,100.0,0,0.0
Defense Health Agency,ACH Weed-Irwin,1,1,100.0,0,0.0
Defense Health Agency,ACH-Brian Allgood AHC-Seoul,1,1,100.0,0,0.0
Defense Health Agency,AHC BG Crawford Sams-Camp Zama,1,1,100.0,0,0.0
Defense Health Agency,AHC Guantanamo Bay,1,1,100.0,0,0.0
Defense Health Agency,AHC Munson-Leavenworth,1,1,100.0,0,0.0
Defense Health Agency,AHC R W Bliss-Huachuca,1,1,100.0,0,0.0
Defense Health Agency,AHC Reynolds-Sill,1,1,100.0,0,0.0
Defense Health Agency,AMC Brooke Army Medical Center-FSH,1,1,100.0,0,0.0
Defense Health Agency,AMC Madigan-Lewis,1,1,100.0,0,0.0
Defense Health Agency,AMC William Beaumont-Bliss,1,1,100.0,0,0.0
Defense Health Agency,Andrew Rader Army Health Clinic,1,1,100.0,0,0.0
Defense Health Agency,Army Health Clinic SOUTHCOM,1,1,100.0,0,0.0
Defense Health Agency,Army Medical Center Darnall-Hood,1,1,100.0,0,0.0
Defense Health Agency,Army Medical Center Womack-Bragg,1,1,100.0,0,0.0
Defense Health Agency,Bassett-Wainwright ACH,1,1,100.0,0,0.0
Defense Health Agency,Bavaria MEDDAC-Vilseck,1,1,100.0,0,0.0
Defense Health Agency,Blanchfield-Campbell Army Community Hospital,1,1,100.0,0,0.0
Defense Health Agency,California Medical Detachment,1,1,100.0,0,0.0
Defense Health Agency,Desmond Doss Health Clinic,1,1,100.0,0,0.0
Defense Health Agency,Duham Army Health Clinic,1,1,100.0,0,0.0
Defense Health Agency,Eisenhower Army Medical Center,1,1,100.0,0,0.0
Defense Health Agency,Evans Army Community Hospital,1,1,100.0,0,0.0
Defense Health Agency,Fort Belvoir Community Hospital,1,1,100.0,0,0.0
Defense Health Agency,Fox Army Health Center,1,1,100.0,0,0.0
Defense Health Agency,Ireland Army Health Clinic,1,1,100.0,0,0.0
Defense Health Agency,Irwin Army Community Hospital,1,1,100.0,0,0.0
Defense Health Agency,Joint Base Pearl Harbor-Hickman,1,1,100.0,0,0.0
Defense Health Agency,Keller-West Point Army Community Hospital,1,1,100.0,0,0.0
Defense Health Agency,Kenner Army Health Clinic,1,1,100.0,0,0.0
Defense Health Agency,Kimbrough Ambulatory Care Center,1,1,100.0,0,0.0
Defense Health Agency,Kirk Army Medical Health Clinic,1,1,100.0,0,0.0
Defense Health Agency,Landstuhl Regional Medcen,1,1,100.0,0,0.0
Defense Health Agency,Lyster Army Health Clinic,1,1,100.0,0,0.0
Defense Health Agency,Martin-Benning Army Community Hospital,1,1,100.0,0,0.0
Defense Health Agency,McDonald-Eustis Army Health Center,1,1,100.0,0,0.0
Defense Health Agency,Moncrief Army Health Clinic,1,1,100.0,0,0.0
Defense Health Agency,NBHC NSF Diego Garcia,1,1,100.0,0,0.0
Defense Health Agency,NHC Hawaii,1,1,100.0,0,0.0
Defense Health Agency,NHC Oak Harbor,1,1,100.0,0,0.0
Defense Health Agency,NHC Patuxent River,1,1,100.0,0,0.0
Defense Health Agency,NHC Quantico,1,1,100.0,0,0.0
Defense Health Agency,NMRTC Beaufort,1,1,100.0,0,0.0
Defense Health Agency,Naval Health Clinic Annapolis,1,1,100.0,0,0.0
Defense Health Agency,Naval Health Clinic Charleston,1,1,100.0,0,0.0
Defense Health Agency,Naval Health Clinic Cherry Point,1,1,100.0,0,0.0
Defense Health Agency,Naval Health Clinic Corpus Christi,1,1,100.0,0,0.0
Defense Health Agency,Naval Health Clinic Lemoore,1,1,100.0,0,0.0
Defense Health Agency,Naval Health Clinic New England,1,1,100.0,0,0.0
Defense Health Agency,Naval Hospital Bremerton,1,1,100.0,0,0.0
Defense Health Agency,Naval Hospital Camp Pendleton,1,1,100.0,0,0.0
Defense Health Agency,Naval Hospital Guam,1,1,100.0,0,0.0
Defense Health Agency,Naval Hospital Jacksonville,1,1,100.0,0,0.0
Defense Health Agency,Naval Hospital Naples,1,1,100.0,0,0.0
Defense Health Agency,Naval Hospital Sigonella,1,1,100.0,0,0.0
Defense Health Agency,Naval Hospital Twentynine Palms,1,1,100.0,0,0.0
Defense Health Agency,Naval Hospital Yokosuka,1,1,100.0,0,0.0
Defense Health Agency,Naval Medical Center Camp Lejeune,1,1,100.0,0,0.0
Defense Health Agency,Naval Medical Center Portsmouth,1,1,100.0,0,0.0
Defense Health Agency,Naval Medical Center San Diego,1,1,100.0,0,0.0
Defense Health Agency,Navy Hospital Pensacola,1,1,100.0,0,0.0
Defense Health Agency,Navy Medicine Readiness and Training Center Rota,1,1,100.0,0,0.0
Defense Health Agency,Newsroom,1,1,100.0,0,0.0
Defense Health Agency,Rodriguez-Buchanan Army Health Clinic,1,1,100.0,0,0.0
Defense Health Agency,Tripler Army Medical Center,1,1,100.0,0,0.0
Defense Health Agency,U.S. Naval Hospital Okinawa,1,1,100.0,0,0.0
Defense Health Agency,Walter Reed Army Institute of Research,1,1,100.0,0,0.0
Defense Health Agency,Walter Reed National MILMED CNTR,1,1,100.0,0,0.0
Defense Health Agency,Winn Army Community Hospital,1,1,100.0,0,0.0
Defense Nuclear Facilities Safety Board,Defense Nuclear Facilities Safety Board,2,2,100.0,0,0.0
Defense-wide,American Forces Network,1,1,100.0,0,0.0
Defense-wide,Anti-Tamper Executive Agent,1,1,100.0,0,0.0
Defense-wide,DOD Common Access Card,1,1,100.0,0,0.0
Defense-wide,DOD Readiness and Environmental Protection Initiative,1,1,100.0,0,0.0
Defense-wide,Defense Contract Audit Agency,1,1,100.0,0,0.0
Defense-wide,Defense Contract Management Agency,1,1,100.0,0,0.0
Defense-wide,Defense Equal Opportunity Management Institute,1,1,100.0,0,0.0
Defense-wide,Defense Finance Accounting Service,1,1,100.0,0,0.0
Defense-wide,Defense Imagery Management Operations Center,1,1,100.0,0,0.0
Defense-wide,Defense Information School,1,1,100.0,0,0.0
Defense-wide,Defense Intelligence Agency,1,1,100.0,0,0.0
Defense-wide,Defense Logistics Agency,1,1,100.0,0,0.0
Defense-wide,Defense Manpower Data Center (DMDC),1,1,100.0,0,0.0
Defense-wide,Defense Media Activity,1,1,100.0,0,0.0
Defense-wide,Defense Office of Hearings and Appeals,1,1,100.0,0,0.0
Defense-wide,Defense POW/MIA Accounting Agency,1,1,100.0,0,0.0
Defense-wide,Defense Standardization Program,1,1,100.0,0,0.0
Defense-wide,Defense Suicide Prevention Office,1,1,100.0,0,0.0
Defense-wide,Defense Threat Reduction Agency,1,1,100.0,0,0.0
Defense-wide,Defense Travel Management Office (DTMO),1,1,100.0,0,0.0
Defense-wide,Department of Defense Inspector General,1,1,100.0,0,0.0
Defense-wide,Department of Defense Standards of Conducts Office,1,0,0.0,0,0.0
Defense-wide,Enterprise Cloud,1,1,100.0,0,0.0
Defense-wide,Executive Services Directorate,1,1,100.0,0,0.0
Defense-wide,Medical Education and Training Campus,1,1,100.0,0,0.0
Defense-wide,OUSD Information and Security Policy,1,1,100.0,0,0.0
Defense-wide,Office of the General Counsel,1,1,100.0,0,0.0
Defense-wide,Pentagon Force Protection Agency,1,1,100.0,0,0.0
Defense-wide,Periodic Review Secretariat,1,1,100.0,0,0.0
Defense-wide,Purview (was DoDLive),1,1,100.0,0,0.0
Defense-wide,Small Business Innovation Research,1,1,100.0,0,0.0
Defense-wide,Television-Audio Support Activity,1,1,100.0,0,0.0
Defense-wide,Test and Evaluation Enterprise,1,1,100.0,0,0.0
Defense-wide,"The Office of the Director, Operational Test and Evaluation",1,1,100.0,0,0.0
Defense-wide,U.S. Forces Japan,1,1,100.0,0,0.0
Defense-wide,U.S. Forces Korea,1,1,100.0,0,0.0
Defense-wide,Warrior Care,1,1,100.0,0,0.0
Defense-wide,Washington Headquarters,1,1,100.0,0,0.0
Defense-wide,White House Communications Agency,1,1,100.0,0,0.0
Delta Regional Authority,Delta Regional Authority,1,0,0.0,0,0.0
Denali Commission,Denali Commission,3,0,0.0,0,0.0
Department of Commerce,Bureau of Economic Analysis,1,0,0.0,0,0.0
Department of Commerce,Bureau of Industry and Security,4,1,25.0,0,0.0
Department of Commerce,Census Bureau,44,20,45.45,9,20.45
Department of Commerce,Department of Commerce,21,10,47.62,0,0.0
Department of Commerce,Economic Development Administration,1,0,0.0,1,100.0
Department of Commerce,International Trade Administration,14,6,42.86,2,14.29
Department of Commerce,Minority Business Development Agency,2,1,50.0,0,0.0
Department of Commerce,NASA GSFC,1,1,100.0,0,0.0
Department of Commerce,NOAA Climate Program Office,1,0,0.0,0,0.0
Department of Commerce,NOAA Coastal Services Center,2,2,100.0,0,0.0
Department of Commerce,NOAA/NCDC,1,1,100.0,1,100.0
Department of Commerce,NOAA/Space Weather Prediction Center,1,0,0.0,0,0.0
Department of Commerce,NWS/OPS33,2,2,100.0,0,0.0
Department of Commerce,National Executive Committee for Space-Based PNT,1,1,100.0,0,0.0
Department of Commerce,National Institute of Standards and Technology,116,77,66.38,4,3.45
Department of Commerce,National Oceanic and Atmospheric Administration,489,225,46.01,30,6.13
Department of Commerce,National Oceanic and Atmospheric Administration Office of the Federal Coordinator for Meteorology,1,0,0.0,0,0.0
Department of Commerce,National Science and Technology Council,1,1,100.0,0,0.0
Department of Commerce,National Technical Information Service,5,2,40.0,0,0.0
Department of Commerce,National Telecommunications and Information Administration,10,7,70.0,2,20.0
Department of Commerce,National Weather Service,3,1,33.33,0,0.0
Department of Commerce,Office of the Chief Information Officer,24,5,20.83,3,12.5
Department of Commerce,Space Environment Center W/NP9,1,0,0.0,0,0.0
Department of Commerce,U. S. National Ice Center,1,1,100.0,0,0.0
Department of Commerce,USPTO,51,27,52.94,7,13.73
Department of Commerce,West Coast & Alaska Tsunami Warning Center,2,2,100.0,0,0.0
Department of Defense,Advanced Distributed Learning Initiative,3,2,66.67,2,66.67
Department of Defense,Air Force,2,2,100.0,0,0.0
Department of Defense,Army,7,4,57.14,0,0.0
Department of Defense,CNSS Secretariat,1,0,0.0,0,0.0
Department of Defense,Civil Air Patrol HQ,81,0,0.0,1,1.23
Department of Defense,Defense Counterintelligence and Security Agency,1,1,100.0,0,0.0
Department of Defense,Defense Logistics Agency,1,0,0.0,0,0.0
Department of Defense,Defense Media Activity,38,36,94.74,0,0.0
Department of Defense,Department of Defense,1,0,0.0,0,0.0
Department of Defense,Department of Defense Office of Inspector General,1,1,100.0,0,0.0
Department of Defense,FEHRM,1,1,100.0,0,0.0
Department of Defense,Federal Voting Assistance Program,1,1,100.0,0,0.0
Department of Defense,Irregular Warfare Technical Support Directorate,7,0,0.0,4,57.14
Department of Defense,Marine Corps,1,1,100.0,0,0.0
Department of Defense,National Guard,2,2,100.0,0,0.0
Department of Defense,National Security Agency,7,1,14.29,1,14.29
Department of Defense,"National Security Agency, Laboratory for Physical Sciences",1,0,0.0,0,0.0
Department of Defense,National Security Education Program (NSEP) at DLNSEO,1,0,0.0,0,0.0
Department of Defense,Navy,5,4,80.0,0,0.0
Department of Defense,Office of Local Defense Community Cooperation,1,1,100.0,0,0.0
Department of Defense,Office of Warrior Care Policy,8,8,100.0,0,0.0
Department of Defense,"Office of the Under Secretary of Defense for Acquisition, Technology and Logistics",1,1,100.0,0,0.0
Department of Defense,PEO DHMS,1,0,0.0,0,0.0
Department of Defense,TAK Product Center,1,0,0.0,0,0.0
Department of Defense,US Army Corps of Engineers,1,1,100.0,0,0.0
Department of Education,Department of Education,1,1,100.0,0,0.0
Department of Education,Office of Chief Information Officer,129,58,44.96,8,6.2
Department of Energy,Ames Laboratory,3,0,0.0,0,0.0
Department of Energy,Argonne National Laboratory,96,0,0.0,2,2.08
Department of Energy,Battelle Pacific Northwest National Laboratory,13,1,7.69,0,0.0
Department of Energy,Bonneville Power Administration,6,1,16.67,0,0.0
Department of Energy,Brookhaven National Laboratory,56,0,0.0,0,0.0
Department of Energy,Department of Energy,2,0,0.0,0,0.0
Department of Energy,Department of Energy Bulding Energy Codes Program,1,0,0.0,0,0.0
Department of Energy,Energy Information Administration,1,0,0.0,0,0.0
Department of Energy,Fermi National Accelerator Laboratory,89,0,0.0,0,0.0
Department of Energy,Hanford Mission Integration Solutions,7,0,0.0,0,0.0
Department of Energy,Idaho National Laboratory,23,0,0.0,0,0.0
Department of Energy,Lawrence Berkeley National Laboratory,340,0,0.0,0,0.0
Department of Energy,Lawrence Livermore National Laboratory,147,0,0.0,0,0.0
Department of Energy,Los Alamos National Laboratory,87,0,0.0,0,0.0
Department of Energy,National Energy Research Scientific Computing Center,8,0,0.0,0,0.0
Department of Energy,"National Nuclear Security Administration, National Security Technologies, LLC",1,0,0.0,0,0.0
Department of Energy,National Renewable Energy Laboratory,34,22,64.71,0,0.0
Department of Energy,ORAU,6,0,0.0,1,16.67
Department of Energy,OSTI,4,1,25.0,0,0.0
Department of Energy,Oak Ridge National Laboratory,131,11,8.4,2,1.53
Department of Energy,Office of Electricity Delivery and Energy Reliability,1,0,0.0,0,0.0
Department of Energy,Office of Energy Efficiency and Renewable Energy,1,1,100.0,0,0.0
Department of Energy,Pacific Northwest National Laboratory,83,4,4.82,0,0.0
Department of Energy,Portsmouth/Paducah Project Office,1,1,100.0,0,0.0
Department of Energy,Princeton Plasma Physics Lab,37,0,0.0,0,0.0
Department of Energy,Sandia National Laboratories,49,21,42.86,0,0.0
Department of Energy,Savannah River National Lab,1,1,100.0,0,0.0
Department of Energy,Savannah River Nuclear Solutions (SRNS),3,0,0.0,0,0.0
Department of Energy,The National Isotope Development Center ,2,0,0.0,0,0.0
Department of Energy,"US Department of Energy, Office of the CIO",160,21,13.12,0,0.0
Department of Energy,Western Area Power Administration,6,1,16.67,0,0.0
Department of Health and Human Services,Administration for Children and Families,26,9,34.62,2,7.69
Department of Health and Human Services,Administration for Community Living,42,35,83.33,24,57.14
Department of Health and Human Services,Agency for Healthcare Research and Quality,43,20,46.51,4,9.3
Department of Health and Human Services,"Assistant Secretary for Financial Resources, Office of the Secretary",9,2,22.22,5,55.56
Department of Health and Human Services,"Assistant Secretary for Planning and Evaluation, Office of the Secretary",2,2,100.0,0,0.0
Department of Health and Human Services,"Assistant Secretary for Preparedness and Response, Office of the Secretary",2,2,100.0,0,0.0
Department of Health and Human Services,Centers for Disease Control and Prevention,107,68,63.55,8,7.48
Department of Health and Human Services,Centers for Medicare and Medicaid Services,79,42,53.16,3,3.8
Department of Health and Human Services,Department of Health and Human Services ,1,1,100.0,0,0.0
Department of Health and Human Services,"Enterprise Information Technology, NIH",17,6,35.29,0,0.0
Department of Health and Human Services,Health Resources and Services Administration,31,25,80.65,1,3.23
Department of Health and Human Services,Indian Health Service / Office of IT,11,0,0.0,0,0.0
Department of Health and Human Services,"National Cancer Institute, NIH",159,131,82.39,3,1.89
Department of Health and Human Services,National Center for Advancing Translational Sciences,1,1,100.0,0,0.0
Department of Health and Human Services,National Institute of Neurological Disorders and Stroke,1,1,100.0,0,0.0
Department of Health and Human Services,"National Institute on Alcohol Abuse and Alcoholism, NIH",2,2,100.0,0,0.0
Department of Health and Human Services,"National Institute on Drug Abuse, NIH",1,1,100.0,0,0.0
Department of Health and Human Services,National Institutes of Health,807,516,63.94,126,15.61
Department of Health and Human Services,"National Institutes on Aging, NIH",1,1,100.0,0,0.0
Department of Health and Human Services,"National Library of Medicine, NIH",28,20,71.43,1,3.57
Department of Health and Human Services,"Office of Disease Prevention and Health Promotion, Office of the Secretary",1,1,100.0,0,0.0
Department of Health and Human Services,"Office of Grants, Division of Workforce Development",1,0,0.0,0,0.0
Department of Health and Human Services,"Office of Public Health and Science, Office on Women's Health",2,0,0.0,0,0.0
Department of Health and Human Services,"Office of the Assistant Secretary for Health, Office of the Secretary",7,1,14.29,0,0.0
Department of Health and Human Services,"Office of the National Coordinator, Office of the Secretary",47,2,4.26,0,0.0
Department of Health and Human Services,Office of the Secretary,146,59,40.41,9,6.16
Department of Health and Human Services,"Office of the Surgeon General, Office of the Secretary",1,1,100.0,0,0.0
Department of Health and Human Services,"Program Support Center, Office of the Secretary",11,1,9.09,0,0.0
Department of Health and Human Services,Substance Abuse and Mental Health Services Administration,23,9,39.13,3,13.04
Department of Health and Human Services,U. S. Food and Drug Administration,35,7,20.0,0,0.0
Department of Homeland Security,Cybersecurity and Infrastructure Security Agency,4,4,100.0,1,25.0
Department of Homeland Security,"Department of Homeland Security, Office of the Chief Information Officer",4,1,25.0,0,0.0
Department of Homeland Security,Federal Emergency Management Agency,45,15,33.33,3,6.67
Department of Homeland Security,Federal Law Enforcement Training Center,5,2,40.0,0,0.0
Department of Homeland Security,Headquarters,81,23,28.4,8,9.88
Department of Homeland Security,Office for Domestic Preparedness,1,0,0.0,1,100.0
Department of Homeland Security,Office of Public Affairs,1,1,100.0,0,0.0
Department of Homeland Security,Science and Technology,3,2,66.67,0,0.0
Department of Homeland Security,Transportation Security Administration,1,0,0.0,0,0.0
Department of Homeland Security,U. S. Coast Guard C5I Service Center,10,4,40.0,0,0.0
Department of Homeland Security,U.S. Customs and Border Protection,18,17,94.44,1,5.56
Department of Homeland Security,U.S. Immigration and Customs Enforcement,6,2,33.33,0,0.0
Department of Homeland Security,US-CERT,1,1,100.0,0,0.0
Department of Homeland Security,USCIS,10,7,70.0,1,10.0
Department of Homeland Security,United States Secret Service,1,1,100.0,0,0.0
Department of Homeland Security,United States Secret Service   ,1,0,0.0,0,0.0
Department of Housing and Urban Development,Department of Housing and Urban Development,4,2,50.0,0,0.0
Department of Housing and Urban Development,Government National Mortgage Association,5,3,60.0,0,0.0
Department of Housing and Urban Development,Office of Inspector General,1,0,0.0,0,0.0
Department of Housing and Urban Development,"U.S. Department of Housing and Urban Development, Office of Policy Development and Research",6,6,100.0,2,33.33
Department of Housing and Urban Development,Web Master  Pulic Affair,31,6,19.35,0,0.0
Department of Justice,"Bureau of Alcohol, Tobacco, Firearms and Explosives",11,6,54.55,0,0.0
Department of Justice,Civil Rights Division,3,3,100.0,0,0.0
Department of Justice,"Criminal Division, Asset Forfeiture and Money Laundering Section (AFMLS)",3,1,33.33,0,0.0
Department of Justice,Department of Justice,42,13,30.95,2,4.76
Department of Justice,"Department of Justice, National Institute of Corrections",5,5,100.0,0,0.0
Department of Justice,"Department of Justice, Office of e-Government",5,2,40.0,2,40.0
Department of Justice,Drug Enforcement Administration,2,2,100.0,0,0.0
Department of Justice,FBI CJIS,1,1,100.0,0,0.0
Department of Justice,Federal Bureau of Investigation,18,6,33.33,1,5.56
Department of Justice,Federal Bureau of Prisons,3,1,33.33,0,0.0
Department of Justice,Institute for Intergovernmental Research,2,2,100.0,0,0.0
Department of Justice,Internet Crime Complaint Center,6,6,100.0,2,33.33
Department of Justice,Office of Justice Programs,147,138,93.88,1,0.68
Department of Justice,Office of the Chief Information Officer,19,8,42.11,0,0.0
Department of Justice,RCFL,1,1,100.0,0,0.0
Department of Justice,U.S Immigration and Customs Enforcement,1,1,100.0,0,0.0
Department of Justice,"U.S. Department of Justice, BI, Domestic Security Alliance Council (DSAC)",2,1,50.0,0,0.0
Department of Justice,"U.S. Department of Justice, National Security Division",2,2,100.0,0,0.0
Department of Justice,U.S. Marshals Service,1,1,100.0,0,0.0
Department of Justice,Unicor,2,2,100.0,0,0.0
Department of Labor,Bureau of Labor Statistics,25,23,92.0,19,76.0
Department of Labor,Employment and Training Administration (ETA) - Office of Job Corps,39,38,97.44,0,0.0
Department of Labor,Office of the Assistant Secretary for Administration & Management,1,1,100.0,0,0.0
Department of Labor,Office of the Chief Information Officer,69,45,65.22,2,2.9
Department of State,Bureau of Diplomatic Security (DS),1,1,100.0,0,0.0
Department of State,Bureau of East Asian and Pacific Affairs (EAP),2,1,50.0,0,0.0
Department of State,Bureau of Global Public Affairs (GPA),270,224,82.96,5,1.85
Department of State,Bureau of Information Resources Management (IRM),2,0,0.0,0,0.0
Department of State,Bureau of Western Hemisphere Affairs (WHA),3,1,33.33,1,33.33
Department of State,Foreign Service Grievance Board (S/FSGB),1,0,0.0,0,0.0
Department of State,Office of the Inspector General,1,0,0.0,1,100.0
Department of Transportation,Bureau of Transportation Statistics,9,4,44.44,0,0.0
Department of Transportation,DOT/FAA/MMAC.AMi400,1,0,0.0,0,0.0
Department of Transportation,Department of Transportation,140,22,15.71,3,2.14
Department of Transportation,FAA MMAC,3,0,0.0,0,0.0
Department of Transportation,FAASTeam,2,0,0.0,0,0.0
Department of Transportation,Federal Aviation Administration,54,2,3.7,0,0.0
Department of Transportation,National Highway Traffic Safety Administration,10,3,30.0,0,0.0
Department of Transportation,U.S. Department of Transportation,2,1,50.0,0,0.0
Department of Veterans Affairs,"Office of Information and Technology, IT Operations and Services (ITOPS)",309,202,65.37,4,1.29
Department of Veterans Affairs,VA Office of Inspector General,1,0,0.0,1,100.0
Department of the Interior,Advisory Committee on Water Information,1,0,0.0,0,0.0
Department of the Interior,Aviation Management Directorate,1,1,100.0,0,0.0
Department of the Interior,Bureau of Indian Affairs,3,1,33.33,0,0.0
Department of the Interior,Bureau of Land Management,1,0,0.0,0,0.0
Department of the Interior,Bureau of Land Management - Main Domain,25,9,36.0,1,4.0
Department of the Interior,Bureau of Land Management - Utah Fire Info Domain,1,0,0.0,0,0.0
Department of the Interior,Bureau of Reclamation,2,0,0.0,0,0.0
Department of the Interior,Department of the Interior,4,3,75.0,0,0.0
Department of the Interior,Joint Fire Science Program,2,0,0.0,0,0.0
Department of the Interior,Minerals Management Service,15,5,33.33,0,0.0
Department of the Interior,National Business Center,1,1,100.0,0,0.0
Department of the Interior,National Fire Plan Operations & Reporting System,2,0,0.0,0,0.0
Department of the Interior,National Interagency Fire Center,6,1,16.67,1,16.67
Department of the Interior,National Park Service,23,15,65.22,3,13.04
Department of the Interior,National Wildfire Coordinating Group,1,0,0.0,1,100.0
Department of the Interior,Office of Aviation Services,1,0,0.0,0,0.0
Department of the Interior,Office of Surface Mining,5,1,20.0,2,40.0
Department of the Interior,Office of the Chief Information Officer,22,4,18.18,0,0.0
Department of the Interior,Piedras Blancas Light Station,1,0,0.0,0,0.0
Department of the Interior,U.S. DEPARTMENT OF INTERIOR / OIG,4,0,0.0,0,0.0
Department of the Interior,U.S. Fish and Wildlife Service,20,4,20.0,0,0.0
Department of the Interior,U.S. Geological Survey,169,102,60.36,12,7.1
Department of the Interior,US Geological Survey,1,0,0.0,0,0.0
Department of the Interior,USGS Bird Banding Laboratory,1,1,100.0,0,0.0
Department of the Interior,USGS-NWRC,2,2,100.0,0,0.0
Department of the Interior,USGS/Denver Federal Center,3,3,100.0,0,0.0
Department of the Interior,Yosemite National Park,1,1,100.0,0,0.0
Department of the Treasury,Alcohol and Tobacco Tax and Trade Bureau,13,3,23.08,1,7.69
Department of the Treasury,Bureau of Engraving and Printing,2,2,100.0,1,50.0
Department of the Treasury,Bureau of the Fiscal Service,28,0,0.0,0,0.0
Department of the Treasury,Bureau of the Public Debt,10,10,100.0,0,0.0
Department of the Treasury,CDFI,3,1,33.33,0,0.0
Department of the Treasury,Citizens Coinage Advisory Committee (Mint),1,1,100.0,0,0.0
Department of the Treasury,Comptroller of the Currency,42,33,78.57,28,66.67
Department of the Treasury,Department of the Treasury,7,1,14.29,0,0.0
Department of the Treasury,Department of the Treasury - DO,21,9,42.86,3,14.29
Department of the Treasury,Department of the Treasury - FINCEN,5,2,40.0,2,40.0
Department of the Treasury,Department of the Treasury - FMS,8,7,87.5,5,62.5
Department of the Treasury,Department of the Treasury - IRS,14,7,50.0,0,0.0
Department of the Treasury,Department of the Treasury - OCIO,45,17,37.78,3,6.67
Department of the Treasury,Department of the Treasury - U.S. Mint,3,2,66.67,0,0.0
Department of the Treasury,Departmental Offices ,1,1,100.0,0,0.0
Department of the Treasury,Office of Financial Research (OFR),1,1,100.0,0,0.0
Department of the Treasury,Special IG for Pandemic Recovery,1,1,100.0,0,0.0
Department of the Treasury,Special Inspector General for the Troubled Asset Relief Program,1,1,100.0,0,0.0
Department of the Treasury,TCS,1,1,100.0,0,0.0
Department of the Treasury,TCS (IRS),1,1,100.0,0,0.0
Department of the Treasury,Treasury Inspector General for Tax Administration,1,0,0.0,0,0.0
Director of National Intelligence,Office of Director of National Intelligence - CIO (ICES),37,0,0.0,0,0.0
Director of National Intelligence,Office of Directorate of National Intelligence,1,0,0.0,0,0.0
Director of National Intelligence,Office of the Director of National Intelligence,1,0,0.0,0,0.0
Director of National Intelligence,"Office of the Program Manager, Information Sharing Environment, Office of the DNI",1,1,100.0,0,0.0
Election Assistance Commission,Election Assistance Commission,2,0,0.0,0,0.0
Environmental Protection Agency,EPA OIG,1,1,100.0,1,100.0
Environmental Protection Agency,Environmental Protection Agency,169,103,60.95,6,3.55
Environmental Protection Agency,Federal Remediation Roundtable,2,0,0.0,2,100.0
Environmental Protection Agency,Office of Federal Sustainability,1,1,100.0,0,0.0
Equal Employment Opportunity Commission,Equal Employment Opportunity Commission,7,3,42.86,1,14.29
Executive Office of the President,Council on Environmental Quality,1,1,100.0,0,0.0
Executive Office of the President,Domestic Policy Council,1,0,0.0,0,0.0
Executive Office of the President,Executive Office of the President,4,2,50.0,1,25.0
Executive Office of the President,National Nanotechnology Coordination Office,2,0,0.0,0,0.0
Executive Office of the President,National Quantum Coordination Office (NQCO),1,1,100.0,0,0.0
Executive Office of the President,Office of Administration,2,1,50.0,0,0.0
Executive Office of the President,Office of Management and Budget,9,1,11.11,1,11.11
Executive Office of the President,United States Digital Service,3,3,100.0,0,0.0
Executive Office of the President,United States Trade Representative,2,0,0.0,0,0.0
Executive Office of the President,White House,2,0,0.0,0,0.0
Executive Office of the President,White House Council on Environmental Quality (CEQ),2,0,0.0,0,0.0
Export/Import Bank of the U.S.,Export-Import Bank of the United States,7,0,0.0,0,0.0
Farm Credit Administration,Farm Credit System Insurance Corporation,1,1,100.0,1,100.0
Farm Credit Administration,Office of Information Technology,4,1,25.0,1,25.0
Federal Communications Commission,Federal Communications Commission,19,0,0.0,0,0.0
Federal Communications Commission,Office of the Managing Director,2,0,0.0,0,0.0
Federal Deposit Insurance Corporation,Federal Deposit Insurance Corporation,34,15,44.12,17,50.0
Federal Election Commission,Federal Election Commission,10,8,80.0,0,0.0
Federal Energy Regulatory Commission,Federal Energy Regulatory Commission,15,2,13.33,0,0.0
Federal Housing Finance Agency,Federal Housing Finance Agency,7,1,14.29,0,0.0
Federal Housing Finance Agency,Federal Housing Finance Agency Office of Inspector General ,1,1,100.0,0,0.0
Federal Labor Relations Authority,Federal Labor Relations Authority,2,1,50.0,0,0.0
Federal Maritime Commission,Federal Maritime Commission,3,2,66.67,0,0.0
Federal Mediation and Conciliation Service,Federal Mediation and Conciliation Service,2,0,0.0,0,0.0
Federal Mediation and Conciliation Service,Office of Conflict Management and Prevention,1,0,0.0,0,0.0
Federal Mine Safety and Health Review Commission,Federal Mine Safety & Health Review Commission,2,2,100.0,0,0.0
Federal Permitting Improvement Steering Council,Federal Permitting Improvement Steering Council,1,1,100.0,0,0.0
Federal Reserve Board of Governors,Board of Governors of the Federal Reserve,1,0,0.0,0,0.0
Federal Reserve Board of Governors,Federal Financial Institutions Examination Council ,5,0,0.0,0,0.0
Federal Reserve Board of Governors,Federal Reserve Bank,6,0,0.0,0,0.0
Federal Reserve Board of Governors,Federal Reserve Board of Governors,15,0,0.0,0,0.0
Federal Reserve Board of Governors,The Financial and Banking Information Infrastructure Committee,1,0,0.0,0,0.0
Federal Retirement Thrift Investment Board,Office of Technology Services,3,3,100.0,2,66.67
Federal Trade Commission,Division of Consumer & Business Education (DCBE),3,3,100.0,0,0.0
Federal Trade Commission,Division of Consumer Response & Operations (DCRO),13,3,23.08,0,0.0
Federal Trade Commission,Office of Internal Affairs (OIA),2,2,100.0,0,0.0
Federal Trade Commission,Office of Public Affairs (OPA),8,8,100.0,0,0.0
General Services Administration,400 Years of African American History Commission,1,1,100.0,0,0.0
General Services Administration,Civilian Board of Contract Appeals,2,2,100.0,0,0.0
General Services Administration,GSA Office of Inspector General,2,0,0.0,0,0.0
General Services Administration,"GSA, CIO.GOV",6,6,100.0,1,16.67
General Services Administration,"GSA, FAS, Acquisition",1,1,100.0,0,0.0
General Services Administration,"GSA, FAS, Advantage",1,1,100.0,0,0.0
General Services Administration,"GSA, FAS, ClearPath",1,1,100.0,1,100.0
General Services Administration,"GSA, FAS, FPDS",2,2,100.0,0,0.0
General Services Administration,"GSA, FAS, Office of Enterprise Strategy Management",1,1,100.0,1,100.0
General Services Administration,"GSA, FAS, SASy",1,1,100.0,1,100.0
General Services Administration,"GSA, FAS, System for Award Management",8,5,62.5,0,0.0
General Services Administration,"GSA, IC, Acquisition",3,3,100.0,0,0.0
General Services Administration,"GSA, IC, FAI",1,1,100.0,0,0.0
General Services Administration,"GSA, IC, OGP Web Portfolio",6,4,66.67,4,66.67
General Services Administration,"GSA, IC, OGP WebPortfolio",1,0,0.0,0,0.0
General Services Administration,"GSA, IC, ROCIS",6,5,83.33,0,0.0
General Services Administration,"GSA, IDI, EAS-SF",4,3,75.0,4,100.0
General Services Administration,"GSA, IDI, ECAS II",125,77,61.6,35,28.0
General Services Administration,"GSA, IDI, Enterprise Application Services",1,1,100.0,1,100.0
General Services Administration,"GSA, IDI,EAS",1,1,100.0,1,100.0
General Services Administration,"GSA, IQ, Clearpath",1,1,100.0,0,0.0
General Services Administration,"GSA, IQ, IAE",1,1,100.0,0,0.0
General Services Administration,"GSA, IQ, eRulemaking",2,1,50.0,0,0.0
General Services Administration,"GSA, IQ-CAP",1,1,100.0,1,100.0
General Services Administration,"GSA, IQ-ESRS-FSRS",1,1,100.0,0,0.0
General Services Administration,"GSA, IQ-FPDS-FPDS Portal",2,2,100.0,0,0.0
General Services Administration,"GSA, IQ-FSD-FSD Portal",2,2,100.0,0,0.0
General Services Administration,"GSA, IQ-SASy-GSAAuctions",1,1,100.0,1,100.0
General Services Administration,"GSA, OGP, Web Portfolio",1,1,100.0,0,0.0
General Services Administration,"GSA, Office of Government-wide Policy",2,2,100.0,0,0.0
General Services Administration,"GSA, Q-FPKI",1,0,0.0,0,0.0
General Services Administration,"GSA, TTS, Federalist",2,2,100.0,1,50.0
General Services Administration,"GSA,FAS,Technology Transformation Service",92,82,89.13,33,35.87
General Services Administration,General Services Administration,7,5,71.43,2,28.57
General Services Administration,General Services Administration ,2,2,100.0,0,0.0
General Services Administration,TTS Public Benefits Studio,1,1,100.0,1,100.0
Government Accountability Office,FASAB,1,0,0.0,0,0.0
Government Accountability Office,Government Accountability Office,5,0,0.0,1,20.0
Government Publishing Office,Government Publishing Office,14,4,28.57,0,0.0
Government Publishing Office,Office of Federal Register (NF),2,0,0.0,0,0.0
Gulf Coast Ecosystem Restoration Council,National Oceanic and Atmospheric Administration (NOAA),1,0,0.0,0,0.0
Harry S. Truman Scholarship Foundation,Harry S. Truman Scholarship Foundation,1,0,0.0,0,0.0
Institute of Museum and Library Services,Institute of Museum and Library Services,8,0,0.0,0,0.0
Inter-American Foundation,Inter-American Foundation,2,2,100.0,0,0.0
James Madison Memorial Fellowship Foundation,James Madison Memorial Fellowship Foundation,1,0,0.0,0,0.0
Japan-US Friendship Commission,Japan-US Friendship Commission,3,0,0.0,0,0.0
Joint,Combined Joint Task Force - Operation Inherent Resolve,1,1,100.0,0,0.0
Joint,Joint Base Anacostia-Bolling,1,1,100.0,0,0.0
Joint,Joint Base Elmendorf-Richardson,1,1,100.0,0,0.0
Joint,Joint Base San Antonio,1,1,100.0,0,0.0
Joint,Joint Chiefs of Staff,1,1,100.0,0,0.0
Joint,Joint Communications Unit,1,1,100.0,0,0.0
Joint,Joint Interagency Task Force South,1,1,100.0,0,0.0
Joint,Joint Personnel Recovery Agency,1,1,100.0,0,0.0
Joint,Joint Tactical Networking Center,1,1,100.0,0,0.0
Joint,Joint Task Force Civil Support,1,1,100.0,0,0.0
Joint,Joint Task Force Guantanamo,1,1,100.0,0,0.0
Joint,Joint Task Force North,1,1,100.0,0,0.0
Joint,Joint Task Force-Bravo,1,1,100.0,0,0.0
Joint,Joint Task Force-Space Defense,1,1,100.0,0,0.0
Joint,Joint Warfare Analysis Center,1,1,100.0,0,0.0
Joint,North American Aerospace Defense Command (NORAD),1,1,100.0,0,0.0
Joint,Plains Guardian,1,1,100.0,0,0.0
Joint,U.S. Central Command,1,1,100.0,0,0.0
Joint,U.S. Cyber Command,1,1,100.0,0,0.0
Joint,U.S. Northern Command,1,1,100.0,0,0.0
Joint,U.S. Pacific Command,1,1,100.0,0,0.0
Joint,U.S. Southern Command,1,1,100.0,0,0.0
Joint,U.S. Space Command,1,1,100.0,0,0.0
Joint,U.S. Strategic Command,1,1,100.0,0,0.0
Joint,United Forces Command,1,1,100.0,0,0.0
Legal Services Corporation,Legal Services Corporation,5,0,0.0,0,0.0
Library of Congress,Copyright Royalty Board,1,0,0.0,0,0.0
Library of Congress,Library of Congress,31,0,0.0,0,0.0
Marine Corps,10th Marine Regiment,1,1,100.0,0,0.0
Marine Corps,11th Marine Expeditionary Unit,1,1,100.0,0,0.0
Marine Corps,12th Marine Corps District,1,1,100.0,0,0.0
Marine Corps,13th Marine Expeditionary Unit,1,1,100.0,0,0.0
Marine Corps,15th Marine Expeditionary Unit,1,1,100.0,0,0.0
Marine Corps,1st Marine Aircraft Wing,1,1,100.0,0,0.0
Marine Corps,1st Marine Corps District,1,1,100.0,0,0.0
Marine Corps,1st Marine Division,1,1,100.0,0,0.0
Marine Corps,1st Marine Logistics Group,1,1,100.0,0,0.0
Marine Corps,22nd Marine Expeditionary Unit,1,1,100.0,0,0.0
Marine Corps,26th Marine Expeditionary Unit,1,1,100.0,0,0.0
Marine Corps,2nd Marine Aircraft Wing,1,1,100.0,0,0.0
Marine Corps,2nd Marine Expeditionary Brigade,1,1,100.0,0,0.0
Marine Corps,2nd Marine Logistics Group,1,1,100.0,0,0.0
Marine Corps,2nd Marine Regiment,1,1,100.0,0,0.0
Marine Corps,31st Marine Expeditionary Unit,1,1,100.0,0,0.0
Marine Corps,3rd Marine Aircraft Wing,1,1,100.0,0,0.0
Marine Corps,3rd Marine Division,1,1,100.0,0,0.0
Marine Corps,3rd Marine Expeditionary Brigade,1,1,100.0,0,0.0
Marine Corps,3rd Marine Logistics Group,1,1,100.0,0,0.0
Marine Corps,4th Marine Corps District,1,1,100.0,0,0.0
Marine Corps,6th Marine Corps District,1,1,100.0,0,0.0
Marine Corps,6th Marine Regiment,1,1,100.0,0,0.0
Marine Corps,8th Marine Corps District,1,1,100.0,0,0.0
Marine Corps,Administration and Resource Management,1,1,100.0,0,0.0
Marine Corps,Assistant Commandant of the Marine Corps,1,1,100.0,0,0.0
Marine Corps,Chemical Biological Incident Response Force,1,1,100.0,0,0.0
Marine Corps,Combined Arms Training Center Camp Fuji,1,1,100.0,0,0.0
Marine Corps,Commandant of the Marine Corps,1,1,100.0,0,0.0
Marine Corps,Director of the Marine Corps Staff,1,1,100.0,0,0.0
Marine Corps,HUMAN RESOURCES AND ORGANIZATIONAL MANAGEMENT BRANCH (ARH),1,1,100.0,0,0.0
Marine Corps,I Marine Expeditionary Force,1,1,100.0,0,0.0
Marine Corps,III Marine Expeditionary Force,1,1,100.0,0,0.0
Marine Corps,Inspector General of the Marine Corps,1,1,100.0,0,0.0
Marine Corps,Installations and Logistics,1,1,100.0,0,0.0
Marine Corps,Law Enforcement,1,1,100.0,0,0.0
Marine Corps,Marine Aviation,1,1,100.0,0,0.0
Marine Corps,Marine Barracks,1,1,100.0,0,0.0
Marine Corps,Marine Corps Air Station Beaufort,1,1,100.0,0,0.0
Marine Corps,Marine Corps Air Station Camp Pendleton,1,1,100.0,0,0.0
Marine Corps,Marine Corps Air Station Cherry Point,1,1,100.0,0,0.0
Marine Corps,Marine Corps Air Station Futenma,1,1,100.0,0,0.0
Marine Corps,Marine Corps Air Station Iwakuni,1,1,100.0,0,0.0
Marine Corps,Marine Corps Air Station Iwakuni-Japanese,1,1,100.0,0,0.0
Marine Corps,Marine Corps Air Station Miramar,1,1,100.0,0,0.0
Marine Corps,Marine Corps Air Station Miramar-EMS,1,1,100.0,0,0.0
Marine Corps,Marine Corps Air Station New River,1,1,100.0,0,0.0
Marine Corps,Marine Corps Air Station Yuma,1,1,100.0,0,0.0
Marine Corps,Marine Corps Base Camp Butler,1,1,100.0,0,0.0
Marine Corps,Marine Corps Base Camp Lejeune,1,1,100.0,0,0.0
Marine Corps,Marine Corps Base Camp Pendleton,1,1,100.0,0,0.0
Marine Corps,Marine Corps Base Quantico,1,1,100.0,0,0.0
Marine Corps,Marine Corps Blount Island Command,1,1,100.0,0,0.0
Marine Corps,Marine Corps Combat Development Command,1,1,100.0,0,0.0
Marine Corps,Marine Corps Forces Central Command,1,1,100.0,0,0.0
Marine Corps,Marine Corps Forces Europe/Africa,1,1,100.0,0,0.0
Marine Corps,Marine Corps Forces Reserves,1,1,100.0,0,0.0
Marine Corps,Marine Corps Forces South,1,1,100.0,0,0.0
Marine Corps,Marine Corps Forces Special Operations Command,1,1,100.0,0,0.0
Marine Corps,"Marine Corps Installations Command, MCICOM",1,1,100.0,0,0.0
Marine Corps,Marine Corps Installations East,1,1,100.0,0,0.0
Marine Corps,Marine Corps Installations Pacific,1,1,100.0,0,0.0
Marine Corps,Marine Corps Installations Pacific (MCIPAC) Communication Strategy and Operations Official Japanese Website,1,1,100.0,0,0.0
Marine Corps,Marine Corps Installations West,1,1,100.0,0,0.0
Marine Corps,Marine Corps Junior ROTC Training and Education Command,1,1,100.0,0,0.0
Marine Corps,Marine Corps Logistics Base Albany,1,1,100.0,0,0.0
Marine Corps,Marine Corps Logistics Base Barstow,1,1,100.0,0,0.0
Marine Corps,Marine Corps Logistics Command,1,1,100.0,0,0.0
Marine Corps,Marine Corps Mountain Warfare Training Center,1,1,100.0,0,0.0
Marine Corps,Marine Corps Recruit Depot Parris Island,1,1,100.0,0,0.0
Marine Corps,"Marine Corps Recruit Depot, San Diego",1,1,100.0,0,0.0
Marine Corps,Marine Corps Recruiting Command,1,1,100.0,0,0.0
Marine Corps,Marine Corps Security Force Regiment,1,1,100.0,0,0.0
Marine Corps,Marine Corps Support Facility New Orleans,1,1,100.0,0,0.0
Marine Corps,Marine Corps Systems Command,1,1,100.0,0,0.0
Marine Corps,Marine Corps Training and Education Command,1,1,100.0,0,0.0
Marine Corps,Marine Corps Warfighting Laboratory,1,1,100.0,0,0.0
Marine Corps,Marine Forces Command,1,1,100.0,0,0.0
Marine Corps,Marine Music,1,1,100.0,0,0.0
Marine Corps,"Naval Amphibious Force, TF 51-5th Marine Expeditionary Brigade",1,1,100.0,0,0.0
Marine Corps,Okinawa Marines,1,1,100.0,0,0.0
Marine Corps,Program Executive Officer Land Systems,1,1,100.0,0,0.0
Marine Corps,Programs and Resources,1,1,100.0,0,0.0
Marine Corps,Ready Marine Corps,1,1,100.0,0,0.0
Marine Corps,Safety,1,1,100.0,0,0.0
Marine Corps,School of Infantry-East,1,1,100.0,0,0.0
Marine Corps,Sergeant Major of the Marine Corps,1,1,100.0,0,0.0
Marine Corps,The Official United States Marine Corps Public Website,1,1,100.0,0,0.0
Marine Corps,The United States Marine Band,1,1,100.0,0,0.0
Marine Corps,The United States Marine Drum & Bugle Corps,1,1,100.0,0,0.0
Marine Corps,U.S. Marine Corps Fitness,1,1,100.0,0,0.0
Marine Corps,U.S. Marine Corps Forces Cyberspace Command,1,1,100.0,0,0.0
Marine Corps,"U.S. Marine Corps Forces, Korea",1,1,100.0,0,0.0
Marine Corps,Wounded Warrior Regiment,1,1,100.0,0,0.0
Marine Corps,www.24thmeu.marines.mil,1,1,100.0,0,0.0
Marine Mammal Commission,Marine Mammal Commission,1,0,0.0,0,0.0
Medicaid and CHIP Payment and Access Commission,Medicaid and CHIP Payment and Access Commission,1,0,0.0,0,0.0
Medical Payment Advisory Commission,Medicare Payment Advisory Commission,1,0,0.0,0,0.0
Merit Systems Protection Board,US Merit Systems Protection Board,4,1,25.0,1,25.0
Millennium Challenge Corporation,Millennium Challenge Corporation,7,1,14.29,1,14.29
Morris K. Udall and Stewart L. Udall Foundation,Morris K. Udall and Stewart L. Udall Foundation,7,7,100.0,0,0.0
National Aeronautics and Space Administration,NASA Earth Science Division,1,1,100.0,0,0.0
National Aeronautics and Space Administration,NASA Langley Research Center,2,0,0.0,0,0.0
National Aeronautics and Space Administration,NASA Office of the Chief Information Officer,1028,719,69.94,9,0.88
National Aeronautics and Space Administration,NASA Science Data Systems Branch,9,9,100.0,0,0.0
National Archives and Records Administration,Gerald R. Ford Library and Museum,2,1,50.0,0,0.0
National Archives and Records Administration,Jimmy Carter Library & Museum,1,1,100.0,1,100.0
National Archives and Records Administration,NPOL,1,0,0.0,0,0.0
National Archives and Records Administration,National Archives and Records Administration,79,59,74.68,0,0.0
National Archives and Records Administration,Policy and Planning,2,0,0.0,0,0.0
National Capital Planning Commission,National Capital Planning Commission,9,1,11.11,0,0.0
National Council on Disability,National Council on Disability,1,1,100.0,0,0.0
National Credit Union Administration,National Credit Union Administration,23,13,56.52,0,0.0
National Endowment for the Arts,Office of Information and Technology Management,5,1,20.0,0,0.0
National Endowment for the Humanities,Office of Information Resources Management,7,3,42.86,0,0.0
National Gallery of Art,National Gallery of Art,12,0,0.0,0,0.0
National Guard,Alaska National Guard,1,1,100.0,0,0.0
National Guard,Connecticut National Guard,1,1,100.0,0,0.0
National Guard,D.C. National Guard,1,1,100.0,0,0.0
National Guard,Delaware National Guard,1,1,100.0,0,0.0
National Guard,Fort Indiantown Gap,1,1,100.0,0,0.0
National Guard,Georgia National Guard,1,1,100.0,0,0.0
National Guard,Indiana National Guard,1,0,0.0,0,0.0
National Guard,Kentucky Guard,1,1,100.0,0,0.0
National Guard,Maine National Guard,1,1,100.0,0,0.0
National Guard,Massachusetts Army National Guard,1,1,100.0,0,0.0
National Guard,Michigan National Guard,1,1,100.0,0,0.0
National Guard,National Guard,1,1,100.0,0,0.0
National Guard,National Guard Bureau Publications & Forms Library,1,1,100.0,0,0.0
National Guard,New Hampshire National Guard,1,1,100.0,0,0.0
National Guard,Oklahoma National Guard,1,1,100.0,0,0.0
National Guard,Pennsylvania National Guard,1,1,100.0,0,0.0
National Guard,Rhode Island National Guard,1,1,100.0,0,0.0
National Guard,South Carolina National Guard,1,1,100.0,0,0.0
National Guard,Utah National Guard,1,1,100.0,0,0.0
National Guard,Virgin Islands National Guard,1,1,100.0,0,0.0
National Guard,Virginia National Guard,1,1,100.0,0,0.0
National Guard,West Virginia National Guard,1,1,100.0,0,0.0
National Indian Gaming Commission,National Indian Gaming Commision,2,0,0.0,0,0.0
National Labor Relations Board,National Labor Relations Board,3,1,33.33,0,0.0
National Mediation Board,National Mediation Board,3,2,66.67,0,0.0
National Science Foundation,National Science Foundation,23,16,69.57,0,0.0
National Science Foundation,"National Science Foundation, Office of Polar Programs",6,5,83.33,0,0.0
National Science Foundation,Small Agency Council,2,2,100.0,0,0.0
National Science Foundation,U.S. Arctic Research Commission,1,1,100.0,0,0.0
National Security Commission on Artificial Intelligence,National Security Commission on Artificial Intelligence,1,0,0.0,0,0.0
National Transportation Safety Board,National Transportation Safety Board,5,1,20.0,0,0.0
Navy,All Hands Magazine of the U.S. Navy,1,1,100.0,0,0.0
Navy,Amphibious Force 7th Fleet,1,1,100.0,0,0.0
Navy,BUPERS/Navy Personnel Command,1,1,100.0,0,0.0
Navy,Bureau of Medicine & Surgery,1,1,100.0,0,0.0
Navy,CNIC Fleet and Family Readiness,1,1,100.0,0,0.0
Navy,Command Submarine Force Pacific Fleet,1,1,100.0,0,0.0
Navy,"Commandant, Naval District Washington",1,1,100.0,0,0.0
Navy,"Commander Logistics Group, Western Pacific",1,1,100.0,0,0.0
Navy,Commander U.S. 7th Fleet,1,1,100.0,0,0.0
Navy,"Commander, Carrier Strike Group 4",1,1,100.0,0,0.0
Navy,"Commander, Joint Region Marianas",1,1,100.0,0,0.0
Navy,"Commander, Naval Meteorology and Oceanography Command",1,1,100.0,0,0.0
Navy,"Commander, Naval Surface Force Atlantic",1,1,100.0,0,0.0
Navy,"Commander, Naval Surface Force, U.S. Pacific Fleet",1,1,100.0,0,0.0
Navy,"Commander, Navy Expeditionary Combat Command",1,1,100.0,0,0.0
Navy,"Commander, Navy Installations Command (CNIC)",1,1,100.0,0,0.0
Navy,"Commander, Navy Region Europe, Africa, Central",1,1,100.0,0,0.0
Navy,"Commander, Navy Region Hawaii",1,1,100.0,0,0.0
Navy,"Commander, Navy Region Mid-Atlantic",1,1,100.0,0,0.0
Navy,"Commander, Navy Region Northwest",1,1,100.0,0,0.0
Navy,"Commander, Navy Region Southeast",1,1,100.0,0,0.0
Navy,"Commander, Navy Region Southwest",1,1,100.0,0,0.0
Navy,"Commander, Navy Region, Japan",1,1,100.0,0,0.0
Navy,"Commander, Navy Region, Korea",1,1,100.0,0,0.0
Navy,"Commander, Patrol and Reconnaissance Wing One",1,1,100.0,0,0.0
Navy,"Commander, U.S. 2nd Fleet",1,1,100.0,0,0.0
Navy,"Commander, U.S. 3rd Fleet",1,1,100.0,0,0.0
Navy,"Commander, U.S. Pacific Fleet",1,1,100.0,0,0.0
Navy,Expeditionary Warfare Training Group,1,1,100.0,0,0.0
Navy,Fleet Cyber Command/U.S. Tenth Fleet,1,1,100.0,0,0.0
Navy,Fleet Readiness Center South East (FRCSE),1,1,100.0,0,0.0
Navy,Fleet Readiness Center Southwest,1,1,100.0,0,0.0
Navy,LCPO for U.S. Naval Forces Europe-Africa/U.S. 6th Fleet,1,1,100.0,0,0.0
Navy,NAVAL Sea Systems Command,1,1,100.0,0,0.0
Navy,Naval Air Force U.S. Atlantic Fleet,1,1,100.0,0,0.0
Navy,Naval Aviation News,1,1,100.0,0,0.0
Navy,Naval Criminal Investigative Service (NCIS),1,1,100.0,0,0.0
Navy,Naval Facilities Engineering Systems Command (NAVFAC),1,1,100.0,0,0.0
Navy,Naval Facilities Engineering Systems Command - Atlantic,1,1,100.0,0,0.0
Navy,Naval Facilities Engineering Systems Command - Engineering and Expeditionary Warfare Center,1,1,100.0,0,0.0
Navy,Naval Facilities Engineering Systems Command - Navy Crane Center,1,1,100.0,0,0.0
Navy,Naval Facilities Engineering Systems Command - Pacific,1,1,100.0,0,0.0
Navy,Naval Special Warfare Command,1,1,100.0,0,0.0
Navy,Naval Supply Systems Command,1,1,100.0,0,0.0
Navy,Navy Education and Training Command (NETC),1,1,100.0,0,0.0
Navy,Navy JAG,1,1,100.0,0,0.0
Navy,Navy Office of Community Outreach,1,1,100.0,0,0.0
Navy,Navy Recruiting Command,1,1,100.0,0,0.0
Navy,Office of Naval Intelligence,1,1,100.0,0,0.0
Navy,President Board of Inspection and Survey,1,1,100.0,0,0.0
Navy,Ready Navy,1,1,100.0,0,0.0
Navy,SeaBee Magazine,1,1,100.0,0,0.0
Navy,"SeaPort (Harnessing Power, Navigating Change",1,1,100.0,0,0.0
Navy,Submarine Force U.S. Atlantic Fleet,1,1,100.0,0,0.0
Navy,"Tactical Training Group, Pacific",1,1,100.0,0,0.0
Navy,U.S. Fleet Forces,1,1,100.0,0,0.0
Navy,U.S. National Environment Agency,1,1,100.0,0,0.0
Navy,U.S. Naval Forces Central Command,1,1,100.0,0,0.0
Navy,"U.S. Naval Ship Repair Facility, Japan Regional Maintenance Center",1,1,100.0,0,0.0
Navy,U.S. Navy,1,1,100.0,0,0.0
Navy,U.S. Navy Reserve,1,1,100.0,0,0.0
Navy,U.S. Pacific Fleet,1,1,100.0,0,0.0
Networking Information Technology Research and Development,National Coordination Office for Networking and Information Technology Research and Development,1,1,100.0,1,100.0
Northern Border Regional Commission,Northern Border Regional Commission,1,1,100.0,0,0.0
Nuclear Regulatory Commission,Nuclear Regulatory Commission,5,2,40.0,0,0.0
Occupational Safety & Health Review Commission,Occupational Safety & Health Review Commission,1,0,0.0,0,0.0
Office of Congressional Workplace Rights,Congressional Office of Compliance,2,0,0.0,0,0.0
Office of Congressional Workplace Rights,Office of Congressional Workplace Rights,1,0,0.0,0,0.0
Office of Government Ethics,Office of Government Ethics,6,2,33.33,2,33.33
Office of Navajo and Hopi Indian Relocation,Office of Navajo and Hopi Indian Relocation,1,1,100.0,0,0.0
Office of Personnel Management,Chief Human Capital Officers,1,1,100.0,1,100.0
Office of Personnel Management,Federal Executive Board,7,1,14.29,1,14.29
Office of Personnel Management,OPM Center for Leadership Development,6,4,66.67,0,0.0
Office of Personnel Management,OPM Human Resource Solutions,299,4,1.34,2,0.67
Office of Personnel Management,Office Of Personnel Management,32,13,40.62,5,15.62
Office of Personnel Management,Presidential Management Fellows,3,3,100.0,0,0.0
Open World Leadership Center,The Open World Leadership Center,1,0,0.0,0,0.0
Pension Benefit Guaranty Corporation,Office of Information Technology,7,2,28.57,0,0.0
Postal Regulatory Commission,Postal Regulatory Commission,2,2,100.0,0,0.0
Presidio Trust,Presidio Trust,1,0,0.0,0,0.0
Privacy and Civil Liberties Oversight Board,Privacy & Civil Liberties Oversight Board,1,1,100.0,0,0.0
Public Buildings Reform Board,General Services Administration,1,0,0.0,0,0.0
Railroad Retirement Board,Bureau of Information Services,2,2,100.0,0,0.0
Securities and Exchange Commission,Network Operations Branch,10,4,40.0,0,0.0
Selective Service System,Selective Service System,3,0,0.0,0,0.0
Small Business Administration,SBA-Office of Innovation & Technology,1,1,100.0,0,0.0
Small Business Administration,Small Business Administration,32,8,25.0,2,6.25
Smithsonian Institution,Smithsonian Institution,5,2,40.0,0,0.0
Smithsonian Institution,Smithsonian Institution Office of the CIO (OCIO),1,0,0.0,0,0.0
Social Security Administration,SSA/OSOHE/Division of Network Engineering,10,8,80.0,0,0.0
Social Security Advisory Board,Social Security Advisory Board,1,0,0.0,0,0.0
Southeast Crescent Regional Commission,Southeast Crescent Regional Commission,1,0,0.0,0,0.0
Space Force,Buckley Space Force Base,1,1,100.0,0,0.0
Space Force,Los Angeles Space Force Base,1,1,100.0,0,0.0
Space Force,Patrick Space Force Base/Space Launch Delta 45,1,1,100.0,0,0.0
Space Force,Peterson Space Force Base,1,1,100.0,0,0.0
Space Force,Space Operations Command (SPOC),1,1,100.0,0,0.0
Space Force,Space Systems Command,1,1,100.0,0,0.0
Space Force,Space Training ad Readiness Command (STARCOM),1,1,100.0,0,0.0
Space Force,United States Space Force,1,1,100.0,0,0.0
Space Force,Vandenberg Space Force Base,1,1,100.0,0,0.0
State Justice Institute,State Justice Institute,1,0,0.0,0,0.0
Stennis Center for Public Service,John C. Stennis Center for Public Service,1,0,0.0,0,0.0
Surface Transportation Board,Surface Transportation Board,1,1,100.0,1,100.0
Tennessee Valley Authority,TVA IT,22,3,13.64,0,0.0
The Legislative Branch,Commission on Security and Cooperation in Europe,1,0,0.0,0,0.0
The Legislative Branch,Congressional Executive Commission on China,1,0,0.0,0,0.0
The Legislative Branch,Congressional-Executive Commission on China,1,0,0.0,0,0.0
The Legislative Branch,House Democratic Caucus,1,0,0.0,0,0.0
The Legislative Branch,House Republican Conference,1,0,0.0,0,0.0
The Legislative Branch,Office of the Majority Leader,1,0,0.0,0,0.0
The Legislative Branch,Office of the Speaker,1,0,0.0,0,0.0
The Legislative Branch,"The Joint Committee on Taxation, United States Congress",1,0,0.0,0,0.0
The Legislative Branch,US House of Representatives,258,0,0.0,0,0.0
The Supreme Court,Supreme Court of the United States,2,0,0.0,0,0.0
The United States World War One Centennial Commission,The United States World War One Centennial Commission,1,0,0.0,0,0.0
U.S. Agency for International Development,Bureau for Global Health,2,2,100.0,0,0.0
U.S. Agency for International Development,Bureau for Resilience and Food Security (RFS),1,1,100.0,0,0.0
U.S. Agency for International Development,M/CIO,23,6,26.09,0,0.0
U.S. Agency for International Development,Office of the Director of U.S. Foreign Assistance,4,0,0.0,0,0.0
U.S. Agency for International Development,U.S. Agency for International Development,2,2,100.0,1,50.0
U.S. Agency for International Development,USAID/GH.CECA,1,1,100.0,0,0.0
U.S. Capitol Police,U.S. Capitol Police,1,0,0.0,0,0.0
U.S. Commission for the Preservation of Americas Heritage Abroad,U.S. Commission for the Preservation of America's Heritage Abroad,1,0,0.0,0,0.0
U.S. Commission of Fine Arts,U.S. Commission of Fine Arts,2,0,0.0,0,0.0
U.S. Commission on Civil Rights,ASCD-CIO,1,1,100.0,0,0.0
U.S. Commission on Civil Rights,Commission on the Social Status of Black Men and Black Boys,1,1,100.0,0,0.0
U.S. Commission on International Religious Freedom,U.S. Commission on International Religious Freedom,1,0,0.0,0,0.0
U.S. Courts,Administrative Office U.S. Courts,1,0,0.0,0,0.0
U.S. Courts,Federal Judicial Center,1,0,0.0,0,0.0
U.S. Courts,U.S. Courts,267,7,2.62,1,0.37
U.S. Courts,US Court of Appeals for Veterans Claims,2,0,0.0,0,0.0
U.S. Courts,United States Sentencing Commission,1,0,0.0,0,0.0
U.S. Courts,United States Tax Court,2,0,0.0,0,0.0
U.S. Department of Agriculture,Agricultural Research Service,1,0,0.0,0,0.0
U.S. Department of Agriculture,Agricultural Research Service ,3,2,66.67,1,33.33
U.S. Department of Agriculture,Aviation Management Directorate,1,1,100.0,0,0.0
U.S. Department of Agriculture,National Advanced Fire and Resource Institute,2,0,0.0,0,0.0
U.S. Department of Agriculture,National Agricultural Library,1,1,100.0,0,0.0
U.S. Department of Agriculture,National Finance Center,3,2,66.67,0,0.0
U.S. Department of Agriculture,National Wildfire Coordinating Group,25,3,12.0,3,12.0
U.S. Department of Agriculture,OCIO/DISC,1,0,0.0,0,0.0
U.S. Department of Agriculture,Office of Energy Policy and New Uses,1,0,0.0,0,0.0
U.S. Department of Agriculture,Recreation One Stop,1,0,0.0,0,0.0
U.S. Department of Agriculture,Rural Development,1,1,100.0,0,0.0
U.S. Department of Agriculture,U.S. Department of Agriculture,208,48,23.08,15,7.21
U.S. Department of Agriculture,US Forest Service,3,2,66.67,2,66.67
U.S. Department of Agriculture,USDA - Center for Nutrition Policy and Promotion,2,2,100.0,0,0.0
U.S. Department of Agriculture,USDA Forest Service - Southwestern Region,2,2,100.0,0,0.0
U.S. Department of Agriculture,"USDA, ARS, NAL",1,1,100.0,0,0.0
U.S. Department of Agriculture,"USDA, Office of Communications",1,0,0.0,0,0.0
U.S. Department of Agriculture,USDA/ARS/NAL,1,1,100.0,0,0.0
U.S. Nuclear Waste Technical Review Board,Nuclear Waste Technical Review Board,2,2,100.0,0,0.0
U.S. Office of Special Counsel,U.S. Office of Special Counsel,3,0,0.0,0,0.0
U.S. Peace Corps,Office of Inspector General,1,0,0.0,0,0.0
U.S. Peace Corps,Peace Corps,62,1,1.61,0,0.0
U.S. Semiquincentennial Commission,United States Semiquincentennial Commission,1,0,0.0,0,0.0
U.S.-China Economic and Security Review Commission,U.S.-China Economic and Security Review Commission,1,0,0.0,0,0.0
United States AbilityOne,Committee for Purchase From People Who Are Blind or Severely Disabled,4,0,0.0,0,0.0
United States Access Board,U.S Access Board,3,3,100.0,0,0.0
United States African Development Foundation,African Development Foundation,4,0,0.0,0,0.0
United States Agency for Global Media,Broadcasting Board of Governors,1,1,100.0,0,0.0
United States Agency for Global Media,IBB/VOA/BBG,4,0,0.0,0,0.0
United States Agency for Global Media,VOA,3,0,0.0,0,0.0
United States Global Change Research Program,U.S. Global Change Research Program,11,0,0.0,0,0.0
United States Interagency Council on Homelessness,United States Interagency Council on Homelessness,2,0,0.0,0,0.0
United States International Development Finance Corporation,US International Development Finance Corporation,3,1,33.33,0,0.0
United States International Trade Commission,OCIO,5,2,40.0,0,0.0
United States Postal Service,U.S. Postal Service,20,1,5.0,0,0.0
United States Postal Service,USPS Office of Inspector General,1,0,0.0,0,0.0
United States Senate,US Senate,101,0,0.0,0,0.0
United States Trade and Development Agency,US Trade and Development Agency,1,0,0.0,0,0.0
Western Hemisphere Drug Policy Commission,Western Hemisphere Drug Policy Commission,2,0,0.0,0,0.0
gov Administration,.gov Administration,1,0,0.0,0,0.0
