Category,target_url,target_url_domain,target_url_agency_owner,target_url_bureau_owner,final_url_media_type,scan_date
Needs a media type,cliff-hq.cpsc.gov,cpsc.gov,Consumer Product Safety Commission,Consumer Product Safety Commission,unknown,2024-02-10T03:34:37.231Z
Needs a media type,alerts-v2.weather.gov,weather.gov,Department of Commerce,National Oceanic and Atmospheric Administration,unknown,2024-02-10T03:47:25.648Z
Needs a media type,preview-alerts.weather.gov,weather.gov,Department of Commerce,National Oceanic and Atmospheric Administration,unknown,2024-02-10T06:32:40.793Z
Needs a media type,radar.weather.gov,weather.gov,Department of Commerce,National Oceanic and Atmospheric Administration,unknown,2024-02-10T06:19:12.152Z
Needs a media type,radar-cp.weather.gov,weather.gov,Department of Commerce,National Oceanic and Atmospheric Administration,unknown,2024-02-10T08:15:06.008Z
Needs a media type,tfaed.ed.gov,ed.gov,Department of Education,Office of Chief Information Officer,unknown,2024-02-10T08:06:47.448Z
Needs a media type,srdocuments.bpa.gov,bpa.gov,Department of Energy,Bonneville Power Administration,unknown,2024-02-10T07:31:48.526Z
Needs a media type,appc.transcom.energy.gov,energy.gov,Department of Energy,"US Department of Energy, Office of the CIO",unknown,2024-02-10T08:09:40.139Z
Needs a media type,identity.cancer.gov,cancer.gov,Department of Health and Human Services,"National Cancer Institute, NIH",unknown,2024-02-10T08:15:54.123Z
Needs a media type,metrics.cancer.gov,cancer.gov,Department of Health and Human Services,"National Cancer Institute, NIH",unknown,2024-02-10T07:40:32.263Z
Needs a media type,csams.cdc.gov,cdc.gov,Department of Health and Human Services,Centers for Disease Control and Prevention,unknown,2024-02-10T03:50:08.243Z
Needs a media type,epiinfosecurewebsurvey.cdc.gov,cdc.gov,Department of Health and Human Services,Centers for Disease Control and Prevention,unknown,2024-02-10T02:58:20.989Z
Needs a media type,wwwn.cdc.gov,cdc.gov,Department of Health and Human Services,Centers for Disease Control and Prevention,unknown,2024-02-10T03:01:39.362Z
Needs a media type,www2a.cdc.gov,cdc.gov,Department of Health and Human Services,Centers for Disease Control and Prevention,unknown,2024-02-10T03:04:43.874Z
Needs a media type,epiinfowebsurvey.cdc.gov,cdc.gov,Department of Health and Human Services,Centers for Disease Control and Prevention,unknown,2024-02-10T04:00:47.196Z
Needs a media type,ws07.grants.gov,grants.gov,Department of Health and Human Services,"Assistant Secretary for Financial Resources, Office of the Secretary",unknown,2024-02-10T05:25:51.378Z
Needs a media type,trainingws.grants.gov,grants.gov,Department of Health and Human Services,"Assistant Secretary for Financial Resources, Office of the Secretary",unknown,2024-02-10T04:22:23.246Z
Needs a media type,stagingws.grants.gov,grants.gov,Department of Health and Human Services,"Assistant Secretary for Financial Resources, Office of the Secretary",unknown,2024-02-10T05:25:16.366Z
Needs a media type,chat.mymedicare.gov,mymedicare.gov,Department of Health and Human Services,Centers for Medicare and Medicaid Services,unknown,2024-02-10T04:00:25.112Z
Needs a media type,team.eshare.tsa.dhs.gov,dhs.gov,Department of Homeland Security,Headquarters,unknown,2024-02-10T01:37:00.764Z
Needs a media type,tvu.tsa.dhs.gov,dhs.gov,Department of Homeland Security,Headquarters,unknown,2024-02-10T01:37:05.240Z
Needs a media type,eshare.tsa.dhs.gov,dhs.gov,Department of Homeland Security,Headquarters,unknown,2024-02-10T01:30:33.580Z
Needs a media type,cwsapps.tsa.dhs.gov,dhs.gov,Department of Homeland Security,Headquarters,unknown,2024-02-10T04:58:08.991Z
Needs a media type,mba.cjis.gov,cjis.gov,Department of Justice,Federal Bureau of Investigation,unknown,2024-02-10T02:21:45.974Z
Needs a media type,calist.state.gov,state.gov,Department of State,Bureau of Global Public Affairs (GPA),unknown,2024-02-10T06:34:33.837Z
Needs a media type,rdc.state.gov,state.gov,Department of State,Bureau of Global Public Affairs (GPA),unknown,2024-02-10T06:37:51.160Z
Needs a media type,timswebapps.bsee.gov,bsee.gov,Department of the Interior,Minerals Management Service,unknown,2024-02-10T07:53:42.618Z
Needs a media type,irmafiles.nps.gov,nps.gov,Department of the Interior,National Park Service,unknown,2024-02-10T02:43:17.218Z
Needs a media type,wfdss.usgs.gov,usgs.gov,Department of the Interior,U.S. Geological Survey,unknown,2024-01-30T04:22:07.882Z
Needs a media type,maint.services.treasury.gov,treasury.gov,Department of the Treasury,Department of the Treasury - OCIO,unknown,2024-02-10T06:46:29.293Z
Needs a media type,hospitalcompare.va.gov,va.gov,Department of Veterans Affairs,"Office of Information and Technology, IT Operations and Services (ITOPS)",unknown,2024-02-10T08:13:43.338Z
Needs a media type,federate.aj.intelink.gov,intelink.gov,Director of National Intelligence,Office of Director of National Intelligence - CIO (ICES),unknown,2024-02-10T05:59:37.563Z
Needs a media type,importws.consumersentinel.gov,consumersentinel.gov,Federal Trade Commission,Division of Consumer Response & Operations (DCRO),unknown,2024-02-10T03:23:57.876Z
Needs a media type,fmswseb.fas.gsa.gov,gsa.gov,General Services Administration,"GSA, IDI, ECAS II",unknown,2024-02-10T02:54:23.630Z
Needs a media type,fmswsec.fas.gsa.gov,gsa.gov,General Services Administration,"GSA, IDI, ECAS II",unknown,2024-02-10T08:19:39.327Z
Needs a media type,beta-api.urs.eosdis.nasa.gov,nasa.gov,National Aeronautics and Space Administration,NASA Office of the Chief Information Officer,unknown,2024-02-10T04:07:46.284Z
Needs a media type,prod-api.urs.eosdis.nasa.gov,nasa.gov,National Aeronautics and Space Administration,NASA Office of the Chief Information Officer,unknown,2024-02-10T04:42:37.947Z
Needs a media type,alpha.urs.eosdis.nasa.gov,nasa.gov,National Aeronautics and Space Administration,NASA Office of the Chief Information Officer,unknown,2024-02-10T04:03:46.106Z
Needs a media type,gs66-vdclambda.ndc.nasa.gov,nasa.gov,National Aeronautics and Space Administration,NASA Office of the Chief Information Officer,unknown,2024-02-10T04:21:03.792Z
Needs a media type,alpha-api.urs.eosdis.nasa.gov,nasa.gov,National Aeronautics and Space Administration,NASA Office of the Chief Information Officer,unknown,2024-02-10T04:04:29.707Z
Needs a media type,beta.urs.eosdis.nasa.gov,nasa.gov,National Aeronautics and Space Administration,NASA Office of the Chief Information Officer,unknown,2024-02-10T04:08:23.551Z
Needs a media type,lambda.gsfc.nasa.gov,nasa.gov,National Aeronautics and Space Administration,NASA Office of the Chief Information Officer,unknown,2024-02-10T05:45:45.119Z
Needs a media type,esb.nasa.gov,nasa.gov,National Aeronautics and Space Administration,NASA Office of the Chief Information Officer,unknown,2024-02-10T04:56:30.367Z
Needs a media type,urspapp.urs.eosdis.nasa.gov,nasa.gov,National Aeronautics and Space Administration,NASA Office of the Chief Information Officer,unknown,2024-02-10T06:21:27.417Z
Needs a media type,ursdapp.urs.eosdis.nasa.gov,nasa.gov,National Aeronautics and Space Administration,NASA Office of the Chief Information Officer,unknown,2024-02-10T07:36:07.763Z
Needs a media type,lsid.itis.gov,itis.gov,Smithsonian Institution,Smithsonian Institution,unknown,2024-02-10T06:03:18.129Z
Needs a media type,lsid-beta.itis.gov,itis.gov,Smithsonian Institution,Smithsonian Institution,unknown,2024-02-10T01:10:01.128Z
Needs a media type,geoservices.sc.egov.usda.gov,usda.gov,U.S. Department of Agriculture,U.S. Department of Agriculture,unknown,2024-02-10T01:23:56.457Z
Needs a media type,nasis.sc.egov.usda.gov,usda.gov,U.S. Department of Agriculture,U.S. Department of Agriculture,unknown,2024-02-10T01:30:42.109Z
Needs a media type,soilseriesdesc.sc.egov.usda.gov,usda.gov,U.S. Department of Agriculture,U.S. Department of Agriculture,unknown,2024-02-10T01:32:09.718Z
Needs a media type,partnerweb16ppro.usda.gov,usda.gov,U.S. Department of Agriculture,U.S. Department of Agriculture,unknown,2024-02-10T02:14:39.393Z
Needs a media type,nestservices.sc.egov.usda.gov,usda.gov,U.S. Department of Agriculture,U.S. Department of Agriculture,unknown,2024-02-10T01:30:21.666Z
Needs a media type,ssldata.sc.egov.usda.gov,usda.gov,U.S. Department of Agriculture,U.S. Department of Agriculture,unknown,2024-02-10T01:32:09.769Z
Needs a media type,sdmreportmanager.sc.egov.usda.gov,usda.gov,U.S. Department of Agriculture,U.S. Department of Agriculture,unknown,2024-02-10T01:36:54.314Z
Needs a media type,ssldata.nrcs.usda.gov,usda.gov,U.S. Department of Agriculture,U.S. Department of Agriculture,unknown,2024-02-10T01:31:30.846Z