Category,target_url,target_url_domain,target_url_agency_owner,target_url_bureau_owner,scan_date
Doesn't load with www.,www.presidentialserviceawards.gov,presidentialserviceawards.gov,Corporation for National and Community Service,--,2024-02-09
Doesn't load with www.,www.icts.gov,icts.gov,Department of Commerce,--,2024-02-09
Doesn't load with www.,www.spd15revision.gov,spd15revision.gov,Department of Commerce,--,2024-02-09
Doesn't load with www.,www.tasefiling.gov,tasefiling.gov,Department of Commerce,--,2024-02-09
Doesn't load with www.,www.usicecenter.gov,usicecenter.gov,Department of Commerce,--,2024-02-09
Doesn't load with www.,www.biomassboard.gov,biomassboard.gov,Department of Energy,--,2024-02-09
Doesn't load with www.,www.energysavers.gov,energysavers.gov,Department of Energy,--,2024-02-09
Doesn't load with www.,www.sns.gov,sns.gov,Department of Energy,--,2024-02-09
Doesn't load with www.,www.brain.gov,brain.gov,Department of Health and Human Services,--,2024-02-09
Doesn't load with www.,www.donaciondeorganos.gov,donaciondeorganos.gov,Department of Health and Human Services,--,2024-02-09
Doesn't load with www.,www.hhsoig.gov,hhsoig.gov,Department of Health and Human Services,--,2024-02-09
Doesn't load with www.,www.thebraininitiative.gov,thebraininitiative.gov,Department of Health and Human Services,--,2024-02-09
Doesn't load with www.,www.tox21.gov,tox21.gov,Department of Health and Human Services,--,2024-02-09
Doesn't load with www.,www.watermonitor.gov,watermonitor.gov,Department of Interior,--,2024-02-09
Doesn't load with www.,www.ui.gov,ui.gov,Department of Labor,--,2024-02-09
Doesn't load with www.,www.unemployment.gov,unemployment.gov,Department of Labor,--,2024-02-09
Doesn't load with www.,www.iawg.gov,iawg.gov,Department of State,--,2024-02-09
Doesn't load with www.,www.usconsulate.gov,usconsulate.gov,Department of State,--,2024-02-09
Doesn't load with www.,www.bankanswers.gov,bankanswers.gov,Department of the Treasury,--,2024-02-09
Doesn't load with www.,www.ots.gov,ots.gov,Department of the Treasury,--,2024-02-09
Doesn't load with www.,www.patriotbonds.gov,patriotbonds.gov,Department of the Treasury,--,2024-02-09
Doesn't load with www.,www.greengov.gov,greengov.gov,Environmental Protection Agency,--,2024-02-09
Doesn't load with www.,www.exploretsp.gov,exploretsp.gov,Federal Retirement Thrift Investment Board,--,2024-02-09
Doesn't load with www.,www.eseclab.gov,eseclab.gov,General Accountability Office,--,2024-02-09
Doesn't load with www.,www.buyaccessible.gov,buyaccessible.gov,General Services Administration,--,2024-02-09
Doesn't load with www.,www.buyusa.gov,buyusa.gov,General Services Administration,--,2024-02-09
Doesn't load with www.,www.nea.gov,nea.gov,National Endowment for the Arts,--,2024-02-09
Doesn't load with www.,www.federaljobs.gov,federaljobs.gov,Office of Personnel Managment,--,2024-02-09
Doesn't load with www.,www.fedjobs.gov,fedjobs.gov,Office of Personnel Managment,--,2024-02-09
Doesn't load with www.,www.governmentjobs.gov,governmentjobs.gov,Office of Personnel Managment,--,2024-02-09
Doesn't load with www.,www.osc.govc,osc.gov,Office of Special Counsel,--,2024-02-09
Doesn't load with www.,www.business.gov,business.gov,Small Business Administration,--,2024-02-09
Doesn't load with www.,www.smithsonian.gov,smithsonian.gov,Smithsonian Institution,--,2024-02-09
Doesn't load with www.,www.jwod.gov,jwod.gov,United States AbilityOne,--,2024-02-09
Doesn't load with www.,www.sen.gov,sen.gov,US Congress,--,2024-02-09
Doesn't load with www.,www.unitedstatescongress.gov,unitedstatescongress.gov,US Congress,--,2024-02-09